system,ACA
K2In1Cu1F6,0.1867
Mn1Tl1F3,0.5606
K2In1Cu1Cl6,2.1157
Na2In1Cu1F6,1.5235
Na2Cu1Sb1Cl6,5.9417
Na2Cu1Sb1F6,3.2026
K2Ta1Ag1F6,4.4091
Mn1Ag1F3,1.5363
K2Cu1Sb1F6,4.003
Rb2Nb1Ag1F6,3.0605
Rb2In1Cu1Cl6,2.0665
K2Cu1Sb1Cl6,5.7772
Rb2In1Cu1F6,1.3334
K2Nb1Ag1F6,1.0996
Na2In1Cu1Cl6,2.166
Cs2Li1Ta1F6,0.5544
Na2Ag1Sb1F6,2.2252
Na2Ag1Sb1Cl6,2.8131
Na2Ag1As1Cl6,3.5763
Rb2Mn1Hg1F6,0.504
Na2Li1Au1F6,0.4946
K2Na1Tl1Br6,1.2065
Na2Li1Bi1Br6,0.229
Rb2Li1Ta1F6,0.1665
Ni1Ag1F3,0.3968
K2Ag1As1Cl6,3.4598
Na2Li1Au1Cl6,2.1634
Cs2Na1Tl1Br6,1.0985
K2Li1Bi1I6,2.4892
Na2Hg1As1Cl6,3.0561
Mg1Ag1F3,0.1122
Tl1Ni1F3,0.239
K2Li1Au1F6,0.8734
Tl1Cu1F3,0.1743
K2As1Au1I6,7.5537
Na2Li1Bi1I6,2.6652
Na2Ag1As1Br6,6.2703
K2As1Au1Br6,7.9631
Rb2Ta1Ag1F6,4.0999
K2Ag1As1Br6,6.1151
Na2Ga1Hg1F6,1.053
Na2Cu1Bi1Cl6,5.1159
Cu1Ag1F3,0.7424
K2Li1Bi1Br6,0.2526
Cs2Mn1Hg1F6,2.3637
Cs2Nb1Ag1F6,2.7533
Rb2Cu1Bi1I6,6.8831
K2Na1Tl1I6,1.0814
K2Ag1Sb1Cl6,2.8293
Cs2Li1Tl1Cl6,1.0119
Na2Nb1Ag1F6,1.1502
Mg1Tl1F3,0.0406
Cs1K2Ta1F6,0.6563
Na2Ga1Ag1Br6,2.0438
Rb2Cu1Bi1Br6,5.9579
K2Li1Au1Cl6,2.0101
Na2Cu1Bi1F6,2.9435
K2Ta1Ag1Cl6,0.3448
Rb2Na1Cr1Cl6,0.3202
Na2Ga1Hg1Cl6,0.6906
K1Rb2Tl1Br6,0.9758
Cs1Rb2Ta1F6,0.4366
Rb2Tl1Hg1F6,1.807
Cs2Na1Tl1I6,1.2215
Cs2Li1Ta1Cl6,0.2668
Rb2As1Au1I6,7.565
K2Ga1Hg1F6,0.1679
K2Sc1Au1I6,3.4601
Cs2Na1Cr1Cl6,0
Cs1Pd1Cl3,1.8864
K2Ag1Bi1I6,6.8756
K2Cu1Bi1F6,3.6516
Cs2Na1Tl1Cl6,0.6777
K2Hg1As1Cl6,2.9829
Cs2Tl1Bi1I6,5.4648
Cs2Li1Tl1Br6,1.2831
Cs2Hg1Bi1Cl6,2.5262
K2In1Ag1Cl6,1.0215
Cs2Ta1Cu1Cl6,1.2979
K2Ag1Sb1F6,1.3831
Na2Hg1As1F6,0.4865
K2Cu1Bi1Cl6,5.1011
Rb2As1Au1F6,2.2082
Rb2Cu1Sb1I6,7.0007
Rb2Cu1Mo1Br6,2.9872
Rb2As1Au1Br6,7.7364
Cs2K1Tl1Br6,0.928
K2Rb1Ta1F6,0.2294
K2Hg1As1I6,6.5626
Na2Ta1Ag1F6,3.2996
K2Hg1Bi1F6,1.2047
Rb2In1Au1Br6,2.7732
Rb2Li1Ta1Cl6,0.2242
Cs2Tl1Bi1Br6,3.0559
K2Sc1Ag1Br6,0.5329
Rb2Nd1Cu1F6,0.5881
Cs2Tl1Au1Cl6,2.1078
K2Sc1Ag1I6,2.3045
K2Nd1Cu1F6,0.7035
K2Sc1Au1Br6,1.5667
K2Ga1Hg1Cl6,0.7744
Cs2Hg1Sb1Cl6,2.2319
Cs2Tl1Bi1Cl6,1.6172
K1Rb2Sc1I6,1.4134
Cs2Hg1Bi1F6,0.5664
K2In1Cu1Br6,2.2389
K2Mn1Hg1F6,0.5877
K2Tl1Hg1F6,1.6094
Cs2Rb1Tl1Br6,0.9493
K2As1Au1F6,2.2716
Na2In1Cu1Br6,2.3134
Rb2As1Au1Cl6,6.8189
Rb2In1Au1I6,3.6783
K2Ga1Ag1F6,0.0833
K2Na1Tl1Cl6,0.5958
K1Rb2Au1Cl6,0.8844
Cs2Cu1Sb1I6,6.785
Cs2Sc1Ag1I6,2.4514
Na2Hg1As1I6,6.4492
K2In1Au1Br6,2.8359
Cs2Cu1Mo1Br6,2.9386
Cs2In1Ag1Cl6,1.1187
Rb2Sc1Au1I6,3.2872
Na2Ag1As1F6,1.3851
K2Cu1Bi1I6,7.2008
Cs2Tl1As1Cl6,2.895
Cs2Ga1Ag1I6,2.249
Na2Li1Tl1Cl6,0.901
K2In1Ag1F6,0.3466
Cs2Hg1Sb1F6,0.2214
Rb2Ga1Ag1Cl6,1.2088
K2Sb1Au1I6,7.044
Rb2Na1Ta1F6,0.3267
K2Y1Au1I6,1.9558
Cs2Ag1As1Br6,6.206
Cs2Sc1Cu1F6,0.5549
K2Ga1Ag1Br6,2.0556
Cs2Co1Ag1F6,3.3575
Cs2Ag1As1Cl6,3.2867
Rb2Hg1As1I6,6.4248
Cs2Tl1Bi1F6,0.2622
Cs2Ag1Mo1Br6,1.5639
K2Hg1As1F6,0.0612
K2Hg1Bi1Cl6,2.6057
K2In1Au1I6,3.5953
Cs2In1Cu1Cl6,1.9487
Cs2K1Sb1Br6,0.5964
Rb2Tl1Au1F6,2.3209
Zn1Ag1F3,0.1777
Cs2Cu1Mo1Cl6,2.3066
Rb2Tl1In1Cl6,1.0393
Rb2Hg1As1Br6,4.1769
K1Rb2As1I6,2.0514
K2Ag1Bi1Br6,3.7277
Cs2Nd1Ag1I6,0.866
Na2Ga1Ag1I6,2.1214
Rb2Hg1Sb1Cl6,2.3798
Rb2Nb1Cu1F6,0.9752
Cs2In1Cu1F6,1.0937
K2Ag1Bi1F6,0.6556
Cs2Tl1Au1F6,2.1313
Rb2Co1Ag1F6,4.5182
Cs2Sc1Ag1Br6,0.5067
K1Na2Mo1F6,0.0414
K2Rb1Sb1Br6,0.6717
K2Tl1As1Cl6,3.1902
Rb2Tl1Ga1Br6,2.0543
Cs2Cu1Bi1I6,6.9593
K2Na1Sc1I6,1.8219
Cs2Na1In1Br6,0.4891
Cs2Sc1Cu1Cl6,1.2027
Cs2Ga1Ag1Br6,1.858
Rb2Hg1Bi1I6,5.0134
Cs2Tl1In1Br6,1.7418
Cs2Y1Cu1Cl6,0.3264
K2Na1Au1Cl6,1.4405
K1Cu1F3,0.5254
K2Tl1Co1F6,3.5688
Rb2Ta1Cu1F6,3.8101
Rb2Ga1Ag1F6,0.0615
K2Li1Ta1Br6,0.3759
Cs2Nb1Cu1F6,0.8698
Cs2Ag1Au1Cl6,1.5301
Cs2Cu1Bi1Br6,5.756
K2Na1Au1Br6,1.3854
Na2Li1Tl1Br6,1.4457
K1Rb2Tl1Cl6,0.2809
K2Nd1Cu1Cl6,0.3673
K2Nd1Cu1Br6,0.6828
K1Rb2Sc1Br6,0.0805
Cs2As1Au1Cl6,6.6989
Rb2Ta1Ag1Cl6,0.3365
Na2Tl1Cu1Cl6,2.3296
Rb2Ta1Cu1Cl6,1.2725
Rb2Cu1Sb1Br6,6.5307
K2Y1Au1Br6,1.1146
Rb2Tl1Au1Cl6,2.429
K2Na1Sb1Br6,0.9032
Cs2In1Hg1Cl6,0.8438
Cs2Sc1Ag1Cl6,0.111
Cs2Tl1As1F6,0.5266
K2Ag1Bi1Cl6,1.5898
Rb2Ag1Bi1Br6,3.8956
Cs2Na1Au1Cl6,1.1979
Cs2As1Au1F6,1.9917
Rb1Fe1F3,0.0225
K1Rb2Au1F6,0.1768
Cs2Ta1Cu1F6,3.4093
Rb2Na1Sc1I6,1.722
K2Hg1Sb1F6,0.1087
Cs2Na1Sb1I6,2.6526
Cs2Nd1Cu1I6,1.3273
Cs2Al1Au1Br6,1.3025
Cs2K1Ce1Cl6,0.0591
Rb2Li1Ta1Br6,0.3601
Cs2K1Bi1Br6,0.103
K2Tl1As1Br6,5.0821
Rb2Na1Ta1Cl6,0.2052
Rb2Y1Cu1Cl6,0.2823
Cs2K1Ce1F6,0.1535
Na2Ga1Ag1F6,0.2175
Rb2Ag1Bi1I6,6.8428
Rb2Nd1Cu1Cl6,0.4255
Rb2Li1Mo1Br6,0.508
Cs2Ag1Au1Br6,2.3464
Rb2V1Ag1F6,0.1261
K2Cu1Au1F6,0.4599
Cs2Sc1Au1Br6,1.5589
Rb1Pd1Cl3,2.0318
Cs2K1La1Cl6,0.0155
K2Cu1Bi1Br6,6.0425
K2Ga1Cu1F6,1.0739
Rb2Li1Mo1I6,2.4023
Rb2Tl1Ga1Cl6,1.0695
K2Sb1Au1Cl6,5.6739
Rb2Tl1Ag1F6,2.4099
Rb2In1Hg1Cl6,0.7686
Cs2Ag1Mo1F6,0.0531
Cs2K1Ta1Cl6,0.207
K1Rb2Tl1I6,0.765
K2Tl1Ag1Cl6,3.0724
Rb2Rh1Au1F6,4.9433
Rb2Cu1Mo1I6,4.814
Tl1Zn1F3,0.0467
K2In1Ag1Br6,2.1234
K2Ag1As1F6,0.8302
Rb2Hg1Sb1I6,5.3432
K2Na1Mo1Br6,0.3376
Cs2Li1In1Cl6,0.0591
Rb2Na1Mo1Br6,0.2676
K2Y1Cu1Cl6,0.2787
Cs2Tl1Co1F6,1.9341
Rb2Hg1As1Cl6,2.8976
Cs2Ta1Ag1I6,2.4389
Cs2Co1Hg1F6,1.868
Rb2Ag1Sb1F6,1.1814
Cs2Rb1Ta1F6,0.4678
Cs2Ta1Ag1Br6,0.635
Cs2K1La1F6,0.0059
K2Sb1Au1Br6,6.7179
K2Tl1Hg1Cl6,1.7622
Cs1Rb2In1Cl6,0.0248
Cs2Rb1Tl1Cl6,0.3101
K2Ir1Au1F6,2.5719
K2Na1Cu1F6,1.1169
K2Cu1Au1Cl6,1.3807
K2Na1Ta1F6,0.2486
K2Li1Ta1I6,1.7567
Rb2Tl1Bi1Br6,3.0534
Cs2Pr1Cu1I6,1.388
Rb2Cu1Sb1Cl6,5.5746
Cs2Tl1In1Cl6,0.8868
Rb2Tl1Bi1F6,0.2089
Cs2Bi1Au1Br6,6.9232
Cs2K1As1I6,2.1294
Cs2Sc1Ag1F6,0.014
Rb2Tl1In1Br6,1.7719
Cs1Rb2In1Br6,0.0818
Cs2In1Ag1F6,0.1239
K2Rb1Sb1I6,1.8788
Cs2Li1Mo1I6,2.2949
Cs2Pr1Cu1Br6,0.8029
Rb2In1Hg1Br6,1.1666
Cs1Pd1F3,1.0563
Cs2Cu1Sb1Cl6,5.4303
Rb2Tl1Ag1I6,2.064
Na2Cu1Au1Cl6,1.3151
Rb1Pb1F3,0.2571
Cs2Pr1Ag1I6,0.7984
Cs2Hg1Au1F6,2.2214
Cs2Ta1Cu1I6,3.1249
K2Al1Au1Cl6,0.6751
Na2In1Ag1Cl6,1.0026
K2Tl1Cu1Cl6,2.1985
K1Tl2Mo1F6,0.2328
Rb2Ga1Hg1I6,2.9569
Rb2Ag1Mo1Br6,1.6904
Rb2Hg1Au1F6,2.2723
K2Tl1Sb1Cl6,2.7271
Rb2Bi1Au1Br6,7.0232
Rb2Tl1Ga1I6,2.1426
K2Na1In1Br6,0.4236
Cs1Rb2Au1Cl6,0.7158
Rb2Na1Cu1F6,0.923
Cs2K1Bi1Cl6,0.0485
Rb2Li1V1F6,0.0274
K2Mn1Ag1F6,0.8393
Cs2Ga1Ag1F6,0.032
Cs2Li1In1Br6,0.786
Rb2Bi1Au1I6,7.3857
Cs2K1Tl1Cl6,0.3132
Rb2Hg1Sb1F6,0.1026
Cs2Eu1Ag1Cl6,0.6536
K2Hg1As1Br6,4.2812
K2Al1Au1Br6,1.3166
Cs1Pd1Br3,1.9807
K2Rb1Ta1Cl6,0.2483
K2Sc1Tl1Cl6,0.0653
Cs2Nd1Cu1Br6,0.7794
K2Tl1Ni1F6,3.1836
K2Na1Mo1Cl6,0.079
K2V1Ag1F6,0.1478
Cs2Bi1Au1I6,7.4135
Rb2Li1Au1Cl6,1.8664
Rb2Pr1Cu1I6,1.3337
Cs2Y1Au1Br6,1.049
K2Sb1Au1F6,2.5107
Rb2Ga1Hg1Br6,1.3795
Rb2Li1Nd1I6,0.337
Cs2Rb1Sb1Br6,0.6477
Na2Cu1Au1F6,0.7628
Rb2Nd1Ag1I6,0.8158
Cs2Li1Au1F6,0.6949
K2Na1Sc1Br6,0.1359
K1Cu1Cl3,0.8989
Rb2Ag1Mo1F6,0.0498
Cs2Hg1Bi1I6,4.9141
Rb2Y1Au1I6,1.9871
Cs2V1Ag1F6,0.0722
K2Cu1Mo1I6,4.7844
Cs2Na1Au1Br6,1.3538
Na2Tl1Cu1Br6,1.7791
Mn1Tl1Cl3,0.1014
K2Tl1Ag1Br6,2.4203
Cs2K1Cu1F6,0.6292
Cs2Li1Mo1Br6,0.5082
Cs2Ga1Ag1Cl6,1.132
Rb2Ag1Bi1F6,0.4099
Rb2Ga1Ag1I6,2.1319
K2Li1Ce1Cl6,0.0725
K1Rb2Au1Br6,1.2074
Cs2Hg1Sb1I6,5.2747
Cs2Li1Bi1Cl6,0.068
K2Na1Bi1Br6,0.1643
Rb2Cu1Mo1Cl6,2.5106
K2Rb1As1Br6,0.534
K2Cu1Sb1I6,7.0551
K1Rb2V1F6,0.0184
Cs2Tl1Au1Br6,2.2819
Cs2K1Bi1I6,0.9501
K2Ag1Sb1Br6,4.7626
K1Rb2Cu1F6,0.7142
Cs2K1Sc1I6,1.313
Cs2Rh1Au1F6,3.9798
K2Tl1Ga1Br6,2.1076
K2Nd1Cu1I6,1.344
K2Ag1Sb1I6,7.2683
Cs2Tl1Sb1Br6,3.9566
Rb2Sc1Hg1I6,2.522
Cs2Hg1As1I6,6.454
Rb2Ag1As1Br6,6.2125
Na2Ir1Au1F6,2.9792
K2Tl1Ga1I6,2.131
Cs2K1V1F6,0.016
Cs2Sc1Tl1Br6,0.1809
Cs2Al1Au1Cl6,0.7557
Cs2Li1Au1Cl6,1.6442
Rb2Tl1In1F6,0.043
Cs2Tl1In1I6,2.1475
Cs2K1Sb1F6,0.0357
K2Ga1Ag1I6,2.1525
K2Na1In1I6,0.8211
K2Y1Cu1I6,1.234
K2Na1Sb1I6,2.7436
Rb2Sc1Au1Cl6,1.0663
Rb2Pr1Ag1I6,0.8481
Cs2K1Au1F6,0.2673
Rb2Hg1Pd1F6,2.2182
K2Cu1Sb1Br6,6.6764
K2Cr1Hg1F6,2.1004
Rb1Cu1Br3,1.4204
K2Hg1Bi1I6,4.9995
Cs2Hg1Au1Br6,3.3439
Na2Li1Ce1Cl6,0.1193
Rb2Tl1Hg1I6,3.2451
Rb2Tl1V1F6,0.1527
Rb2Y1Hg1I6,0.8883
Cs2Na1Mo1Cl6,0.0686
Rb2Y1Cu1Br6,0.6231
Rb2Pr1Cu1Br6,0.786
Rb2Li1Sb1Br6,1.2051
Cs2Na1Sb1Cl6,0.1985
Rb2Co1Hg1F6,0.5705
Rb2Hg1Bi1Br6,3.0421
Rb2Cu1Au1F6,0.4333
K2Sc1Hg1Br6,1.4044
Cs2In1Hg1Br6,1.1778
Cs2Tl1Ag1I6,2.1053
Rb2Tl1Hg1Cl6,1.7651
Cs2Ta1Ag1Cl6,0.3147
Cs2Y1Hg1I6,0.9047
Na2In1Ag1F6,0.5945
K2Sc1Hg1I6,2.5422
Cs2Na1In1I6,0.8198
Cs1Pb1Br3,2.2792
K2Tl1Au1Br6,2.4314
K2Tm1Cu1Cl6,0.2583
Cs2Tl1Ga1Cl6,0.892
Cs2Na1As1Br6,1.1646
Cs2Sb1Au1Cl6,5.4927
Cs2Na1Bi1Br6,0.1864
Cs2K1Au1Cl6,0.8372
Cs2Na1Sc1Br6,0.1224
Cs2Ga1Hg1I6,2.9329
Cs2K1Y1I6,0.1073
Rb2Hg1As1F6,0.0796
Cs2K1Al1I6,0.3935
Rb2Hg1Au1Br6,3.4546
Cs2Tl1Ga1Br6,1.9634
Rb2Ce1Cu1F6,0.7515
Na2Ni1Hg1F6,1.164
Cs2In1Au1I6,3.6545
Rb2Sc1Tl1Br6,0.1808
Rb2Tl1Ga1F6,0.0239
Cs2Sb1Au1F6,1.9815
Rb2Sc1Tl1I6,1.6454
Cs2K1Tl1I6,0.801
K2Na1Cr1F6,0.02
Cs2Rb1Tl1I6,0.8369
Cs2Ag1Bi1Cl6,1.602
Cs2Cu1Sb1Br6,6.4192
K2Na1Bi1I6,1.7397
Cs2In1Cu1Br6,2.0834
Cs2Cu1Bi1F6,3.2679
Na2Li1Bi1Cl6,0.0683
Rb2Li1Tl1Br6,1.3808
Rb2Ta1Ag1Br6,0.6404
Rb2Tm1Cu1Cl6,0.2619
Rb2Y1Tl1Cl6,0.0365
Rb2Y1Au1F6,0.2599
K2Rb1Au1Cl6,0.7452
Na2Y1Cu1Cl6,0.3011
Rb2Tl1Ni1F6,3.0388
K1Ni1F3,0.0539
Rb2Sb1Au1I6,6.9913
Rb2Ag1As1Cl6,3.384
K2Ga1Au1I6,3.6933
K2Li1Mo1Cl6,0.1129
Cs2Ag1Bi1I6,6.7939
Cs2Li1Ta1I6,1.6106
Rb2Ag1Au1Br6,2.321
Rb2Ga1Ag1Br6,1.9959
K2Na1In1Cl6,0.0303
Cs2Cu1Bi1Cl6,4.7793
Rb2Cu1As1F6,4.3188
Cs2Li1Tl1F6,0.0287
Cs2Y1Cu1Br6,0.6077
Na2Sc1Cu1Cl6,1.2917
Cs1Pb1F3,0.3219
Na2Sc1Cu1F6,1.0938
Cs2Hg1Pd1F6,2.0554
Rb2Ga1Hg1Cl6,0.8474
K2Rb1As1I6,2.0732
Rb2Li1Ce1Cl6,0.07
Rb1Cu1F3,0.2031
Cs2Ag1Au1F6,0.8916
Rb2Nd1Cu1Br6,0.7525
Cs2As1Au1Br6,7.6741
Cs2Tl1Hg1Br6,2.4323
Rb2Li1Au1F6,0.9369
K2Ag1Mo1Br6,1.6863
K2Ta1Cu1Cl6,1.3052
K2Al1Tl1I6,1.7877
Rb2Ga1Cu1F6,0.7067
K2Hg1Bi1Br6,3.1004
Rb2Cu1Bi1Cl6,4.9578
Cs2Sb1Au1I6,6.9118
Rb2Na1Mo1I6,1.9585
Rb2Li1V1Cl6,0.3423
Cs2Tl1Ag1Br6,2.418
K2Li1Sb1Cl6,0.1905
K2Y1Ag1Br6,0.0781
Cs2Na1Ni1F6,0.5581
Cs2Tl1As1Br6,4.9075
Rb2Tl1As1F6,0.5145
Cs1Rb2Au1Br6,1.029
Na2Co1Hg1F6,0.6622
Rb2Al1Tl1Br6,0.3667
Rb2In1Hg1F6,1.172
K1Rb2Ga1Br6,0.3044
K1Rb2As1Br6,0.5027
K2Ce1Cu1Cl6,0.6776
Rb2Cu1Au1Cl6,1.3492
Na2Cr1Hg1F6,2.2366
Cs2Sc1Tl1I6,1.5616
Cs2Ta1Tl1F6,1.2911
Cs2Tl1Sb1Cl6,2.6074
Rb2Tl1Sb1F6,0.8046
Cs2Na1As1Cl6,0.1645
Cs2Na1In1Cl6,0.036
K2Na1Ga1F6,0.0053
Rb2Sc1Au1Br6,1.5723
Cs2Li1Mo1Cl6,0.0939
K2Na1Ta1Cl6,0.2153
Rb2Ag1Au1Cl6,1.631
K2Ta1Ag1I6,2.3559
Cs1Fe1F3,0.0184
K2Tl1Hg1I6,3.2727
Cs2K1Y1Br6,0.0351
K2Tl1As1I6,7.6537
Cs2Nd1Ag1Br6,0.0852
Cs2Tl1Ag1F6,2.1914
Cs2Na1Fe1F6,0.1272
K2Ni1Hg1F6,1.2321
Rb2Mn1Ag1F6,0.846
K2Rh1Au1F6,5.4126
K2Li1Sb1Br6,1.1464
K2Ga1Hg1Br6,1.3223
K2Rb1Au1Br6,1.0332
Cs2Na1Sb1Br6,0.9265
Rb2Er1Cu1Cl6,0.2729
K2Tl1Sb1F6,0.8766
Rb2Nd1Ag1F6,0.038
Cs2Na1Tl1F6,0.02
Rb2Sc1Tl1Cl6,0.0618
Cs2Tl1Ga1I6,2.0753
Cs2Y1Cu1I6,1.2403
Na2Ce1Cu1Cl6,0.8346
Cs2Li1Mo1F6,0.0418
Cs1Yb1Cl3,0.0171
K2Ga1Au1Cl6,1.9759
K2Tl1As1F6,0.5959
Rb2Ta1Tl1F6,1.312
Cs1Rb2As1F6,0.03
Cs1K2Sb1F6,0.1065
Cs2Ag1Mo1Cl6,0.4498
K2Ag1Au1F6,1.0808
K2Al1Tl1Br6,0.3665
K2Na1Bi1Cl6,0.057
Cs2Ag1Sb1I6,7.0973
Cs2Rb1Au1Cl6,0.6896
Cs1Rb2As1Br6,0.6649
K2Hg1Rh1F6,1.6689
Cs2In1Au1Br6,2.7767
K2Ta1Cu1I6,3.1828
Cs1Pb1Cl3,1.2047
Rb2In1Au1F6,0.4324
K2Y1Hg1F6,0.1185
Cs2Tl1Hg1F6,1.5969
Rb2Na1Tl1Br6,1.1672
K2Li1Bi1Cl6,0.0651
K1Pd1F3,1.6984
Rb2Tl1As1I6,7.56
Rb2Nb1Tl1F6,0.3182
Cs2Ru1Au1F6,1.404
Rb2Sc1Tl1F6,0.0211
Rb2Hg1Sb1Br6,3.6634
Cs2Pr1Ag1Cl6,0.0412
K1Rb2Ga1I6,0.6494
K2Nd1Ag1I6,0.8336
Cs2K1Al1Br6,0.0328
Cs2Sc1Au1I6,3.2928
Rb2Tl1As1Br6,5.0064
Cs2K1Sb1I6,1.897
Cs2Hg1As1F6,0.119
Rb2Li1Nb1F6,0.0758
Rb2Eu1Ag1Cl6,0.5167
Rb2Tl1Ru1F6,0.1688
K2Tl1Cu1F6,1.6629
Cs2Rb1Sb1I6,1.928
Cs1K2As1Br6,0.68
Cs2Tl1Ga1F6,0.0206
K2Tl1Cu1Br6,1.7231
Cs2Li1Sc1F6,0.0087
Na2Fe1Hg1F6,2.6813
K2Co1Hg1F6,0.4322
Cs2K1As1Cl6,0.106
Cs2K1Cr1Cl6,0.1384
K2Cu1Mo1Cl6,2.5964
K2Na1Sc1Cl6,0.0399
K2La1Cu1Cl6,0.4975
K2Li1Mo1Br6,0.5516
Cs1Rb2Ir1F6,0.0196
K2Tl1Ag1F6,2.5776
K2Al1Au1I6,2.8926
Rb2Na1Sb1Cl6,0.1918
Cs2Li1Bi1I6,2.6144
K2As1Au1Cl6,6.9831
Rb1Pb1Cl3,1.2678
Rb2Ag1As1F6,0.6745
Na2Hg1Sb1F6,1.4548
Rb2Na1Au1Cl6,1.3441
Rb2Li1Mo1F6,0.0312
Cs2Ga1Au1I6,3.7667
K2Rb1As1F6,0.0298
Cs2Ga1Hg1Br6,1.4624
K1Rb2Al1I6,0.3691
Cs1Rb2Sb1F6,0.0636
Rb2Hg1Bi1Cl6,2.5813
Rb2In1Ag1Br6,2.0559
Cs2Na1Mo1I6,1.892
Cs2Cr1Hg1F6,1.4299
Rb2Na1Fe1F6,0.0712
K2Y1Ag1F6,0.0416
Cs1Rb2Sc1F6,0.0071
K2Y1Ag1Cl6,0.0367
Cs2Nb1Au1F6,1.1748
Cs2K1Sc1Cl6,0.0326
Cs2K1Cr1F6,0.0128
Cs2Rb1Al1Br6,0.0319
K2Ce1Ag1I6,0.8146
K2Cu1As1F6,4.8161
Na2Li1Sb1Cl6,0.1846
Na2Mn1Ag1F6,1.0149
Cs2Rb1Ga1I6,0.6627
Cs2K1In1Br6,0.1842
K2Ce1Cu1I6,1.3556
K2Na1Ga1Br6,0.6441
K2Sc1Au1Cl6,1.0891
K2Ta1Au1F6,2.5062
Na2Ga1Cu1F6,1.0622
Rb2Tl1Sb1Br6,3.9494
Cs2Ce1Cu1I6,1.3704
Cs1K2Ir1F6,0.0254
Rb1Pd1F3,1.4613
Cs2K1Ta1Br6,0.262
Cs2Rb1Ga1Br6,0.2692
Cs2Tl1Fe1F6,0.2032
Cs2Na1Au1F6,0.5237
K2Tl1Fe1F6,0.5591
Rb2Ga1Au1Cl6,1.9347
Cs2Hg1As1Br6,4.1385
Rb2Ag1Pd1F6,3.9799
Cs2In1Au1Cl6,1.8784
K2Ga1Au1Br6,2.8639
Rb2Cu1Bi1F6,3.6618
Cs2In1Hg1F6,0.9038
Na2Rh1Au1F6,5.9807
Na2Hg1As1Br6,4.3732
K2Rb1Sb1Cl6,0.1457
K2Tl1Ir1F6,0.2281
Cs2Li1Ce1Br6,0.1171
Cs2Er1Cu1Cl6,0.2694
Cs2In1Ag1I6,1.9404
Rb2Na1Sb1I6,2.7354
Na2Li1La1Cl6,0.0242
Rb2Sc1Cu1Cl6,1.3313
Rb2Tl1Au1I6,3.2189
Cs2Tl1V1F6,0.126
Cs2Rb1Au1Br6,1.1489
Cs2Nd1Ag1Cl6,0.04
Rb2Sb1Au1Cl6,5.6304
Cs2Y1Tl1Br6,0.0642
K2In1Hg1F6,1.2336
K2Ag1Au1Cl6,1.6789
K2Tl1Ag1I6,2.0211
K2Ce1Ag1Br6,0.3418
K2Ag1Pd1F6,4.1991
K2Li1Tl1Cl6,0.9784
Cs2Al1Au1I6,2.9634
Cs2K1Ce1I6,0.3413
Na2Al1Hg1Cl6,0.8295
Cs2Y1Hg1Br6,0.6613
K2Ta1Ag1Br6,0.6538
K2Li1Y1I6,0.2807
K2Ce1Cu1Br6,0.776
Rb2Hg1Rh1F6,1.6395
Cs2Na1Bi1Cl6,0.0559
K1Rb2As1Cl6,0.1005
Rb2Ti1Tl1F6,0.1063
K2Tl1In1F6,0.0607
Rb2Ce1Ag1I6,0.7884
K2Li1Ta1Cl6,0.2386
Rb2Y1Au1Br6,1.0928
K2Rb1Ga1Br6,0.2259
Cs1K2Sb1Cl6,0.1638
Rb2Li1Nd1Br6,0.0515
Rb2Nb1Au1F6,1.8286
Tl1Cu1Cl3,0.6255
Na2Tl1Cu1F6,1.8744
Rb2Na1Au1Br6,1.4076
K2Rb1As1Cl6,0.1099
Rb2Tl1Au1Br6,2.4243
Cs2Ag1Sb1F6,0.9379
K2Li1Sb1I6,3.6234
K2Tl1Ga1Cl6,1.1059
Rb2Sc1Ag1Cl6,0.1434
Cs2Y1Tl1I6,0.2309
Cs2K1Ga1F6,0.007
Cs2Tl1Ru1F6,0.1324
Cs2Rb1As1I6,2.04
K2Tl1Au1Cl6,2.5211
K2Li1Bi1F6,0.0203
K1Rb2In1Br6,0.1649
Rb2Ru1Au1F6,1.7328
Rb2Y1Cu1F6,0.1983
K2Y1Au1F6,0.2837
Na2Ga1Ag1Cl6,1.0862
Cs2Sc1Hg1F6,0.0911
K2Ag1Mo1Cl6,0.4917
Rb2Ag1Bi1Cl6,1.6215
K2V1Hg1F6,0.1737
K1Fe1F3,0.0271
Cs2In1Au1F6,0.3238
K2Ga1Hg1I6,2.9153
K2Nd1Ag1Br6,0.103
K2Nd1Ag1Cl6,0.0428
Cs2K1Tl1F6,0.016
K2Eu1Ag1Cl6,0.4689
Cs2Tl1Ag1Cl6,2.8361
K2Sc1Tl1F6,0.0227
K2Na1Au1F6,0.3638
Rb2Ta1Hg1F6,0.2917
Rb2Na1Sc1Br6,0.1209
K2Li1Nb1F6,0.0636
Cs2Tm1Cu1Cl6,0.2858
Rb2Ce1Cu1Cl6,0.6694
Cs2Li1Sc1Cl6,0.0437
K2Li1Ce1F6,0.1698
Cs2Ga1Au1Br6,2.7419
K1Mg1F3,0.0042
Rb2Li1Sb1Cl6,0.1765
Na2Y1Cu1Br6,0.6061
Rb2Na1Sc1F6,0.007
Rb2Li1Sc1F6,0.0076
K2Pr1Ag1I6,0.8743
Cs2Rb1Sb1F6,0.0379
K2V1Au1F6,0.7286
K2Na1Al1Cl6,0.0165
Rb2Ta1Ag1I6,2.3785
Rb2Al1Tl1I6,1.7576
Na2Li1Tl1F6,0.024
Cs2Y1Au1I6,1.9756
Cs2Sb1Au1Br6,6.6266
Cs2K1Y1F6,0.0067
Rb1Hg1F3,0.2635
Rb2Na1Tl1I6,1.1769
K2Al1Ag1Cl6,0.1065
Cs2Rb1Bi1Br6,0.1088
Na2Tm1Cu1Cl6,0.2474
Cs2Na1Ga1Br6,0.7023
Cs1K2In1F6,0.0086
Cs1Cd1F3,0.0154
Cs2Na1Sc1F6,0.0083
Rb2Li1In1F6,0.0081
Cs2Cu1Au1F6,0.3633
K2Sc1Tl1Br6,0.1762
Rb2Li1Y1I6,0.272
Na2In1Hg1F6,1.2999
Rb2Y1Tl1Br6,0.068
Rb2Na1As1Br6,1.1369
Cs1Rb2As1Cl6,0.123
Cs2Nd1Ag1F6,0.0154
Cs2Tl1Cu1F6,1.1261
K2Fe1Hg1F6,2.8685
K1Rb2Nb1F6,0.1013
K2Al1Au1F6,0.1707
Rb1Cd1F3,0.0141
Rb2Al1Hg1Br6,1.4966
Cs2Tl1Sb1I6,5.9877
Rb2Ag1Ir1F6,0.4821
Rb2Sc1Ag1Br6,0.4975
Rb2Y1Tl1F6,0.021
Rb2Na1V1F6,0.0199
K2Na1Mo1F6,0.0207
K2Rb1Ga1I6,0.6921
Cs1Rb2Sb1Cl6,0.1664
Cs1Rb2Au1F6,0.2707
Rb2Tl1Cu1F6,1.4944
Cs2K1In1I6,0.6979
K2Tl1In1Cl6,1.0882
Rb2Sc1Hg1Br6,1.3299
Na2Y1Hg1F6,1.1426
K2Rb1Al1I6,0.2987
Na2La1Cu1Cl6,0.5203
Cs2Ga1Au1F6,0.2183
K2Na1V1F6,0.0222
Rb2Li1Bi1Br6,0.2352
Cs2Tl1Hg1Cl6,1.8061
Rb2V1Au1F6,0.6618
Na2Fe1Ag1F6,2.4851
Cs2Al1Hg1F6,0.1321
Rb2Na1Al1F6,0.0044
Cs2Hg1Ir1F6,0.9696
Cs2Pr1Cu1Cl6,0.5478
Cs2K1Au1Br6,1.2601
Rb2Pr1Ag1Br6,0.0987
K1Rb2In1I6,0.7016
K2Hg1Sb1I6,5.3699
Cs1Mg1F3,0.007
Cs2Ta1Ag1F6,3.7707
K2Cr1Au1F6,1.8748
Cs2Sc1Au1Cl6,0.9764
K2Tl1In1I6,2.214
K2Ti1Tl1F6,0.13
K2Sc1Ag1F6,0.02
Cs1Rb2As1I6,2.2501
Cs2Na1Al1Cl6,0.018
Cs2Li1Pr1I6,0.3481
Cs2Na1Pr1I6,0.1959
Cs2K1Ta1F6,0.5375
Rb2Tl1As1Cl6,3.0039
K2Li1Nd1I6,0.3923
Cs1Hg1F3,0.3284
K2Na1Ni1F6,0.5299
Cs1Cd1Cl3,0.367
Rb2Pr1Ag1Cl6,0.0408
Cs2Ga1Hg1F6,0.1381
Rb2Li1Pr1I6,0.3408
Cs2Rb1Al1I6,0.3325
Rb2Li1Ir1F6,0.0831
Cs1Yb1F3,0.0068
K2Na1Sb1Cl6,0.2009
Cs2Al1Ag1Cl6,0.1612
Rb2Na1Bi1I6,1.7386
Rb2Na1Sc1Cl6,0.039
Rb2Y1Hg1Br6,0.6932
K2Na1Pr1Cl6,0.0241
Rb2Ce1Ag1Br6,0.3404
K2Y1Au1Cl6,0.6861
K2Tl1Cr1F6,0.087
K2Hg1Sb1Cl6,2.3838
Cs2Li1La1Cl6,0.017
Cs2K1As1Br6,0.5198
Na2V1Ag1F6,0.2624
K2Na1Ce1Cl6,0.077
Rb2Na1Mo1Cl6,0.0741
Rb2Al1Au1F6,0.1409
Rb2Ir1Au1F6,2.0847
Cs2Ga1Au1Cl6,1.8836
Na2Al1Ag1Br6,0.6802
K2Tl1V1F6,0.1896
K2Ga1Au1F6,0.343
Cs2Na1Ga1Cl6,0.0592
Cs2Sc1Hg1I6,2.4128
Cs2K1Y1Cl6,0.0196
Cs2K1Bi1F6,0.0185
Cs2Y1Ag1Cl6,0.0356
K2Na1Pd1F6,0.0983
K2Tl1Ga1F6,0.0275
Cs2Tl1Cu1Cl6,1.7638
Cs2Y1Au1F6,0.2481
Rb2Li1Tl1Cl6,1.0014
K2Mo1Au1F6,0.6848
K1Na2Nb1F6,0.2694
K2In1Au1Cl6,1.9415
Cs2Na1Mn1F6,0.0366
K2Na1Al1F6,0.0039
Cs2Ag1Sb1Br6,4.7122
Rb2Tl1Mo1F6,0.2713
K2Cr1Ag1F6,0.6892
K2Dy1Cu1Cl6,0.2844
Na2Tl1Ni1F6,3.4169
Rb2Ce1Cu1Br6,0.7721
Rb2Tl1In1I6,2.1793
Cs2Tl1Mo1F6,0.2387
K2Rb1Al1Br6,0.0333
Rb1Fe1Cl3,0.9644
K2Fe1Ag1F6,2.116
Rb2Hg1Mo1F6,0.1054
K2Ni1Au1F6,3.1357
K2Na1Ta1I6,1.5274
Cs2Na1Tb1F6,0.0071
Rb2Li1Ce1I6,0.5311
Rb2Ag1Sb1Cl6,2.7619
Rb2In1Cu1Br6,2.266
Cs2Sc1Hg1Br6,1.2376
Rb2Na1As1F6,0.0245
K2Y1Ag1I6,0.7838
Cs2Li1Ce1I6,0.5064
Cs2Tl1Rh1F6,0.2002
Rb2Sc1Hg1Cl6,0.7389
Cs2Ta1Hg1F6,0.2056
Cs2K1Ni1F6,0.3148
Na2Tl1Ag1F6,2.6356
Cs2Ga1Hg1Cl6,0.9944
Na2Tl1As1F6,0.6886
Rb2Tl1Cu1Cl6,2.0057
Cs2Cu1Au1Cl6,1.4282
Cs2Li1Sb1Br6,1.1894
Cs2Hg1Sb1Br6,3.5586
Cs2Ce1Cu1Cl6,0.6163
K2Na1Tl1F6,0.0185
Rb2La1Au1Cl6,0.4879
Cs2Li1Nd1I6,0.3469
K2Na1Bi1F6,0.0205
Rb2Tl1Co1F6,2.8978
Cs2Rb1Nb1F6,0.3449
Rb2Al1Tl1Cl6,0.0434
Rb2Ga1Hg1F6,0.0934
Cs1Rb2Al1Br6,0.0321
K2Al1Ag1Br6,0.7807
Rb1Na2As1F6,0.15
K1Rb2Ni1F6,0.3324
K2Pr1Cu1Br6,0.7549
Rb1Mg1F3,0.0047
Cs1Yb1Br3,0.0286
K2Li1La1Cl6,0.0168
K2Rb1Mo1Cl6,0.0681
K2Al1Tl1F6,0.0184
Rb2Na1Ga1Cl6,0.0401
Cs2Na1Mo1Br6,0.2507
K2Li1V1F6,0.0301
Tl1Co1F3,0.189
K2Nb1Tl1F6,0.4151
Cs2Na1Ce1F6,0.1592
K2Li1Nd1F6,0.0065
Rb2In1Ag1I6,1.9134
K2Y1Cu1Br6,0.6259
Cs2Rb1Bi1I6,0.8008
Cs2Ag1Bi1Br6,3.8512
Rb2Pr1Cu1Cl6,0.4702
Cs2K1Ce1Br6,0.0716
K2Li1Y1Cl6,0.0235
K2Ce1Ag1F6,0.2207
Cs2Ce1Ag1Cl6,0.2552
Cs2K1Al1F6,0.0059
Na2Cr1Au1F6,2.3976
Cs2Na1Bi1I6,1.7399
Na1Tl2Mo1F6,0.1681
Cs1Rb2In1F6,0.0085
Cs2Na1Tb1Cl6,0.0215
K2Ti1Au1F6,1.0298
Na2Li1Sm1Cl6,0.0289
Cs2K1Pr1Cl6,0.0208
K2Ag1Mo1I6,4.009
Rb2Na1Bi1Cl6,0.0567
K1Rb2Ga1Cl6,0.0235
Cs2Ta1Cu1Br6,1.6335
Cs2Na1Al1F6,0.0062
Cs2Rb1Bi1F6,0.0192
K2Li1Pd1F6,0.1753
Na2Li1Sb1F6,0.0581
Na2Li1In1F6,0.009
Rb2Li1Bi1F6,0.0201
Cs2Dy1Cu1Cl6,0.3025
K2Lu1Cu1Cl6,0.2259
Cs2Ce1Ag1Br6,0.3194
Cs1Sr1F3,0.0071
K2In1Au1F6,0.5464
Rb2In1Au1Cl6,1.9144
Na2Sc1Ag1Cl6,0.1966
K1Rb2Mn1F6,0.0262
K2Tl1Sb1Br6,3.9144
Na2As1Au1F6,2.6456
Cs1Rb2Y1F6,0.0065
K1Na2Rh1F6,0.0468
K1Na2Ta1F6,0.7245
K1Rb2Tl1F6,0.0159
Rb2Li1Sb1I6,3.6393
Rb2Li1Sc1Cl6,0.0456
Cs2K1Ag1F6,0.8423
Na2Li1In1Cl6,0.0377
Cs2Li1Sb1Cl6,0.2084
Rb2Na1Pd1F6,0.0953
Cs2Na1Ce1I6,0.4168
Cs1Sr1Cl3,0.0165
Cs2Hg1Bi1Br6,3.0198
Cs2Rb1As1Cl6,0.1071
Rb2Cu1Ni1F6,2.4328
K1Cd1F3,0.0141
Cs2Nb1Tl1F6,0.2785
Rb2Ga1Au1F6,0.2898
Cs2Sc1Hg1Cl6,0.67
K2Ce1Ag1Cl6,0.2842
Rb2Hg1Ir1F6,1.5734
Na2Al1Hg1Br6,1.4538
K2Hg1Mo1F6,0.1342
Rb2Na1Tl1Cl6,0.6515
K2Ag1Ir1F6,0.6585
K1V1F3,0.0567
Cs2Li1Pd1F6,0.2572
Rb2Pr1Cu1F6,0.7084
K2Ta1Hg1F6,0.3849
K1Rb2Ga1F6,0.0057
Cs1Eu1F3,0.007
K2Na1Y1I6,0.1774
Cs2K1In1Cl6,0.024
K1Rb2Co1F6,0.0252
K2Pr1Ag1F6,0.0717
Cs2Li1Pr1Br6,0.0501
Na2Hg1Rh1F6,1.8832
Cs2K1Ga1I6,0.6342
Rb2Ta1Au1F6,2.0735
K2Na1Pr1I6,0.2051
Cs1Hg1Br3,2.4848
K1Rb2Al1Cl6,0.0157
Cs2Sc1Tl1F6,0.0196
Rb2Na1Rh1F6,0.0429
K2Na1Y1Cl6,0.0212
K2Hg1Sb1Br6,3.641
Rb2Na1Al1Cl6,0.017
Rb2Na1Ir1F6,0.0449
Cs2Cu1As1Cl6,6.0683
Cs2Li1Y1Br6,0.0467
K2In1Hg1I6,2.4906
Rb2Na1Y1F6,0.0058
Na2Ta1Hg1F6,0.9922
Cs1K2Sc1Cl6,0.0308
K2Tb1Cu1Cl6,0.2782
Rb2Na1In1Br6,0.4479
Rb2Na1Ce1I6,0.4492
Rb2V1Hg1F6,0.1188
Rb2Tl1Rh1F6,0.5809
Cs2Li1La1Br6,0.0303
Rb2Na1In1F6,0.0072
Rb2Tl1Ag1Cl6,2.9697
K2Na1Ce1F6,0.1557
Cs2Ag1Sb1Cl6,2.632
Cs2Pr1Ag1F6,0.0163
Cs2Rb1Al1Cl6,0.0164
Cs2Y1Ag1F6,0.0122
K2Tl1In1Br6,1.824
K1Rb2As1F6,0.0241
Cs2Eu1Cu1Cl6,0.4788
Rb2Sb1Au1Br6,6.6905
Cs1Eu1Cl3,0.018
Cs2Rb1Sc1F6,0.0072
Cs1Rb2Al1I6,0.2553
Na2Li1Sc1Cl6,0.0515
Cs2K1Pr1F6,0.0074
Na2Y1Cu1F6,0.2239
Cs2K1Pr1I6,0.1244
Cs2Tl1Cr1F6,0.0597
Cs2K1Ga1Br6,0.3467
Cs2Hg1As1Cl6,2.8401
K2Li1Ir1F6,0.0953
Cs2Al1Hg1Br6,1.5571
K1Rb2Rh1F6,0.0206
Rb2Y1Hg1Cl6,0.5265
K2Li1Nd1Cl6,0.0266
Cs2K1Sb1Cl6,0.1206
Co1Ag1F3,0.5012
Na2V1Au1F6,0.9792
Cs2Tl1In1F6,0.0319
Rb1Mn1F3,0.017
K2Sc1Hg1F6,0.0661
Rb2Li1Pr1F6,0.0071
Rb2Al1Hg1Cl6,0.8781
Cs1K2Sc1F6,0.0069
Cs2Na1Nd1Br6,0.043
Cs2K1Ga1Cl6,0.0258
Rb2Ga1Au1Br6,2.8486
Rb2Na1Co1F6,0.0315
Cs2Na1Ce1Cl6,0.0647
K2Y1Tl1F6,0.0248
Cs1K2V1F6,0.0433
Na2Dy1Cu1Cl6,0.2974
Rb2Cr1Au1F6,1.6046
K1Hg1F3,0.2479
K2Pr1Cu1F6,0.7519
K1Rb2Sc1Cl6,0.032
Cs1Rb2Nb1F6,0.2904
Cs2Y1Au1Cl6,0.6418
K2Sc1Cu1F6,0.9205
Cs1Ag1Br3,1.1267
Li1Sc1Tl2Cl6,0.0734
Cs2Rb1Pd1F6,0.0537
Rb2Li1Nd1Cl6,0.0249
Cs1Pb1I3,4.615
Rb2Ta1Cu1I6,3.1235
K2Na1Mo1I6,1.9863
Rb2Li1Pr1Br6,0.0522
K2Pr1Cu1Cl6,0.4485
Rb2Al1Hg1F6,0.0541
Rb2Na1Cr1F6,0.0183
Cs2K1Mo1Cl6,0.0505
Rb2Ti1Ag1F6,0.1074
K2Nb1Au1F6,2.1274
K1Ag1Cl3,0.9356
Cs2Rb1Tl1F6,0.0168
Rb2Tl1Sb1I6,5.995
Rb2Co1Au1F6,5.0719
K1Ag1F3,0.4966
Cs2Na1Ir1F6,0.04
Rb2Tl1Hg1Br6,2.3467
K1Rb2Al1Br6,0.0322
Cs2Na1Nd1Cl6,0.0233
Cs1K2Nb1F6,0.2927
Cs2K1Co1F6,0.025
Cs2Na1Pr1Cl6,0.0229
K1Na2As1F6,0.0493
Tl1Fe1F3,0.1166
K2Rb1Tl1F6,0.0165
Cs2Tb1Au1Cl6,0.7216
Cs1Rb2Al1Cl6,0.0166
K2Li1Mo1I6,2.4275
Na2Cu1Bi1Br6,6.0308
Rb2Tl1Ir1F6,0.1849
K2Na1Sc1F6,0.0069
Cs2Li1Ce1Cl6,0.0688
Rb2Sb1Au1F6,2.3065
K2Al1Hg1Cl6,0.8461
Rb2Na1Mo1F6,0.0206
Cs2K1Sc1F6,0.0077
Rb2Na1Mn1F6,0.0382
K2Rb1Ta1Br6,0.3198
Cs2Na1Sb1F6,0.0343
K2Tb1Ag1Cl6,0.0357
Cs2Cu1Mo1I6,4.7002
Rb2Nd1Ag1Br6,0.0943
K2Sc1Cu1Cl6,1.3275
Rb2In1Ag1Cl6,1.0944
Cs2Bi1Au1Cl6,5.2293
Cs2In1Hg1I6,2.5926
Cs2Li1Nd1Br6,0.0503
K2Li1Tm1Cl6,0.0217
K2Ag1Au1Br6,2.3162
Cs1Cd1Br3,0.9052
Na2Ti1Au1F6,2.3794
Na2Mo1Au1F6,0.8681
Rb2Na1Yb1F6,0
Cs2Er1Au1Cl6,0.6803
Cs2Al1Au1F6,0.1127
K2Nd1Ag1F6,0.0657
K2Rb1Pd1F6,0.0642
Cs2K1Lu1Cl6,0.018
Cs2La1Au1Cl6,0.4685
Na2Al1Hg1F6,0.4553
Cs1K2As1Cl6,0.1285
Rb2Y1Tl1I6,0.2566
K2Ta1Tl1F6,1.5807
Li1Tl2In1Cl6,0.0614
Rb2Tl1Ag1Br6,2.4133
Tl1Pd1F3,1.081
Na2V1Hg1F6,0.4886
K2Rb1Mo1Br6,0.158
K2Li1Ru1F6,0.0859
Rb2Ti1Au1F6,0.6735
Rb2Li1La1Cl6,0.0163
Cs2Na1Ga1F6,0.0074
Rb2Na1Eu1Cl6,0.0387
Na2Mn1Au1F6,1.8601
K2Rb1Ta1I6,1.3255
K2Li1Mo1F6,0.0249
Rb2Na1Bi1Br6,0.1766
Rb2Li1In1Cl6,0.0473
Cs2Sc1Au1F6,0.2401
Rb2Nb1Hg1F6,0.1359
Rb2Li1Ta1I6,1.663
Rb2Y1Cu1I6,1.2178
Rb2La1Ag1Cl6,0.0358
Rb2Ag1Sb1Br6,4.8329
K1Na2Cr1F6,0.0347
K2Li1In1F6,0.0075
Rb2Li1Ce1F6,0.1645
K2Sm1Cu1Cl6,0.3294
Cs2Li1Eu1Cl6,0.0797
K2Ta1Cu1Br6,1.6899
K2Tm1Au1Cl6,0.6977
K1Sc1Tl2F6,0.0267
K2Na1Nd1Cl6,0.0233
Rb2Ni1Au1F6,2.9764
Cs2Al1Ag1Br6,0.805
Rb2Al1Au1Cl6,0.7226
Cs2Sm1Au1Cl6,0.7709
Rb1Ag1F3,0.4631
Rb2Li1Pr1Cl6,0.026
Rb2Er1Ag1Cl6,0.0328
Rb2Na1Ga1Br6,0.6722
Cs2Rb1Y1F6,0.0067
K2Li1Sc1F6,0.0074
Rb2Tl1Pd1F6,3.1072
K2Eu1Cu1Cl6,0.374
K1Tl2Cr1F6,0.1473
K2Na1Ru1F6,0.0494
Cs2K1Sc1Br6,0.0772
Rb2Y1Au1Cl6,0.6849
K1Na2Ti1F6,0.0697
Na2Ti1Ag1F6,0.4934
Cs2Ag1Ir1F6,0.2312
K2Rb1In1Cl6,0.0241
Rb2Tl1Cr1F6,0.0772
K2Li1Al1F6,0.0037
Rb2Al1Tl1F6,0.0169
K2Ga1Ag1Cl6,1.1615
Rb2Na1Ta1Br6,0.2897
Rb2Ti1Hg1F6,0.0625
Rb2Lu1Cu1Cl6,0.2217
Na2Lu1Cu1Cl6,0.211
K2Nd1Au1Cl6,0.8783
K1Rb2Mo1F6,0.0178
Cs2Tb1Ag1Cl6,0.0347
Cs1Rb2Ga1Cl6,0.0245
Cs2Y1Ag1I6,0.7785
Cs2Na1Sc1I6,1.6786
Cs2Tl1Cu1Br6,1.6212
Cs2Na1Rh1F6,0.033
Cs2Ag1Bi1F6,0.1618
K1Rb2Sc1F6,0.0064
Rb2Na1Nb1F6,0.0712
Na2Y1Ag1F6,0.14
Cs1K2As1F6,0.0341
K2Na1Nd1I6,0.1986
K2Rb1Ir1F6,0.0216
Na2Hg1Au1F6,2.2387
Rb2V1Cu1F6,1.6465
Na2Li1Y1Cl6,0.0277
K2Al1Tl1Cl6,0.0448
K2Pr1Ag1Cl6,0.0424
Rb2Na1Gd1Cl6,0.0219
Na2Cr1Ag1F6,0.9188
K2Rb1Au1F6,0.1238
K2Tl1Hg1Br6,2.2953
Cs2Tm1Ag1Cl6,0.032
K2Sc1Au1F6,0.3349
Cs2Tb1Cu1Cl6,0.3125
Na2Tb1Cu1Cl6,0.2966
Cs2Li1Nb1F6,0.1522
K1Ca1Cl3,0.0173
Rb2Sc1Au1F6,0.295
Rb2Nd1Au1Cl6,0.8392
K1Mn1F3,0.0265
Rb2Bi1Au1Cl6,5.3628
K1Rb2Bi1F6,0.0188
Cs2K1In1F6,0.0083
Cs2Y1Hg1Cl6,0.5062
Cs2Na1As1F6,0.0257
K1Ca1F3,0.0054
Na2Nd1Cu1Cl6,0.3706
Rb2Al1Ag1Cl6,0.1112
K2Pr1Ag1Br6,0.1157
Cs2Rb1Sc1Cl6,0.0314
Cs2Li1Pr1F6,0.0086
Na2Li1Cr1F6,0.0404
Cs2Na1Y1Cl6,0.0217
K2Sm1Ag1Cl6,0.0408
K2Lu1Au1Cl6,0.6662
Cs2Y1Tl1Cl6,0.0351
Cs2As1Au1I6,7.5304
Rb2Cr1Ag1F6,0.4406
Na2Al1Ag1Cl6,0.0977
Rb2Li1Bi1Cl6,0.0671
K2Li1Tl1Br6,1.4212
K2Y1Cu1F6,0.2576
K2In1Hg1Br6,1.0843
Cs2Sm1Ag1Cl6,0.0371
Rb2Fe1Au1F6,2.5967
K2Li1Y1F6,0.006
Rb2Al1Ag1Br6,0.7982
Rb2Sc1Cu1F6,0.7944
Rb2Sc1Ag1F6,0.0146
K2Al1Cu1F6,0.1242
Cs2Na1Y1Br6,0.0387
Cs2Na1Ta1I6,1.4492
K2Ag1Ru1F6,0.5286
Cs2Na1Ce1Br6,0.0853
K2Na1As1Br6,1.1215
K2Li1Ce1Br6,0.1206
Cs1K2Mo1F6,0.041
K2Na1Co1F6,0.0378
Na2Ta1Au1F6,3.6542
K1Na2Ru1F6,0.0832
Cs2Li1In1F6,0.0102
Na2Al1Ag1F6,0.0693
K2La1Ag1Cl6,0.0369
K2Dy1Ag1Cl6,0.0352
K1Rb2Lu1Cl6,0.0177
Cs2K1Fe1F6,0.057
Na2Al1Cu1F6,0.248
Cs2K1As1F6,0.0233
Cs1Sn1I3,5.9033
Na2Li1N1F6,0.85
Rb2Sm1Cu1Cl6,0.3214
Cs2Na1Y1I6,0.1483
Cs2Na1Tm1Cl6,0.0199
Cs2K1Ta1I6,1.2648
Cs1K2Pd1F6,0.0894
Cs2Li1Ta1Br6,0.3834
Rb2Tl1Sb1Cl6,2.6387
Cs2Rb1Sc1Br6,0.0727
Cs1K2Al1I6,0.2533
Cs2K1Nd1Cl6,0.0203
K2Ti1Hg1F6,0.075
Rb2Li1Sb1F6,0.0355
K2Ti1Cu1F6,1.2202
Cs2K1Nd1Br6,0.0368
Cs2Y1Cu1F6,0.1498
Rb2Mn1Tl1F6,0.546
K2Na1Y1F6,0.0056
K2Li1Dy1Cl6,0.0228
K2Hg1Pd1F6,2.2252
Cs1Hg1Cl3,1.5215
K2Na1Ta1Br6,0.2986
Cs2Rb1Ru1F6,0.0236
K1Na1Mg2F6,0.0043
Cs2Na1Yb1Cl6,0.0344
Cs2Rb1Sm1Cl6,0.0195
Na2Sc1Ag1F6,0.1053
Rb2Na1Pr1Br6,0.0434
K2Na1As1Cl6,0.1606
K2Na1Ce1Br6,0.0967
Cs1Rb2Ga1I6,0.7794
Na2Li1As1F6,0.0288
Cs1Rb2V1F6,0.0325
Rb2Li1Sm1Cl6,0.0245
Rb2Na1Ga1F6,0.0058
K1Rb2Ru1F6,0.0264
Na2Li1Y1Br6,0.0596
K2Rb1Ru1F6,0.0306
Rb2Tl1Fe1F6,0.3485
Cs2Y1Tl1F6,0.019
Rb2Na1Ho1F6,0.0054
K2Gd1Au1Cl6,0.7853
Cs2Rb1Y1Br6,0.0339
Rb2Na1Ti1F6,0.0196
Na2Co1Au1F6,6.3365
Rb2Li1Gd1Cl6,0.0235
Cs2La1Cu1Cl6,0.4747
K2Hg1Au1Br6,3.4999
Rb2Na1As1Cl6,0.1612
K2Na1Ga1Cl6,0.0354
K2Rb1Ti1F6,0.0298
Rb2Al1Au1I6,2.9293
Rb2Na1Ce1Cl6,0.0702
Rb2Ce1Au1Cl6,0.9566
K2In1Hg1Cl6,0.7187
Rb2Sc1Hg1F6,0.0588
K2Li1Cr1F6,0.032
K2Pr1Cu1I6,1.3576
Cs2Ce1Ag1F6,0.1498
Rb2Na1Bi1F6,0.0191
Rb2Na1Ru1F6,0.0453
Rb2Li1Eu1Cl6,0.1121
K2Rb1Er1Cl6,0.019
K1Tl2Ga1F6,0.0297
Cs2Er1Ag1Cl6,0.0324
Na2Al1Tl1F6,0.0309
Cs2K1Pr1Br6,0.0378
Rb2Li1As1F6,0.0258
Cs2Rb1In1Cl6,0.0238
Cs2Tl1Sb1F6,0.783
K1Na2Mn1F6,0.0385
Cs2Li1Y1I6,0.2574
Rb2Hg1Bi1F6,0.8756
Cs2K1Tm1Cl6,0.0182
Cs1K2Ru1F6,0.0363
Cs2Na1Gd1Cl6,0.0215
Rb2Li1Tl1F6,0.0233
Rb2Na1Tl1F6,0.0179
K4Mg1Cu3F12,0.3123
Na1Tl2Ga1F6,0.0343
Rb2Mo1Au1F6,0.6111
Cs2Y1Hg1F6,0.0728
Na2Li1Eu1Cl6,0.1545
Rb2Li1Y1Br6,0.0457
Rb2Na1Nd1I6,0.2018
Na2Co1Ag1F6,5.7395
Cs2Li1Bi1Br6,0.2601
K2Al1Ag1F6,0.0138
Cs2Rb1Y1I6,0.0999
Rb2Ag1Mo1I6,4.0305
Cs2Tl1Pd1F6,2.9209
Rb2Tb1Au1Cl6,0.7567
Cs1Be1F3,0.0092
K2Li1Y1Br6,0.047
Na2Li1Y1F6,0.007
Rb2Y1Hg1F6,0.0763
Rb2Eu1Cu1Cl6,0.4019
K2Rb1Mn1F6,0.0341
Cs2Rb1Lu1Cl6,0.0179
Cs2Li1Dy1Cl6,0.0225
K2Na1Tb1Cl6,0.0218
Rb1Ge1I3,7.9353
Cs2Na1Bi1F6,0.0192
Na2Sc1Hg1F6,0.9443
K1Zn1F3,0.0095
Cs2Al1Tl1I6,1.7064
Cs2Rb1Y1Cl6,0.0194
K2Tl1Mo1F6,0.3025
Rb2Ce1Ag1F6,0.1736
Na1V1F3,0.1626
Cs2Dy1Ag1Cl6,0.0342
Rb2Y1Ag1Br6,0.0776
Cs2Al1Ag1F6,0.0108
Rb2Cu1Sb1F6,3.7968
Cs2K1Gd1Cl6,0.0198
Rb2Pr1Ag1F6,0.0417
Rb2Na1In1I6,0.8254
Cs2Rb1Bi1Cl6,0.0489
Rb2Na1Au1F6,0.5536
Rb2Na1Nd1F6,0.0064
Cs1Rb2Fe1F6,0.0405
Na2Ti1Hg1F6,0.4156
Rb2Na1Ni1F6,0.4842
Rb2Li1Y1Cl6,0.0232
Na2Li1V1F6,0.0442
Cs2Lu1Ag1Cl6,0.0304
Cs2Hg1Mo1F6,0.0868
Rb1Yb1F3,0.0052
K2Sc1Ag1Cl6,0.147
K2Tb1Au1Cl6,0.7618
Rb2Na1Nd1Cl6,0.0227
Rb2Er1Au1Cl6,0.7026
Cs2Li1Sb1F6,0.0341
Li1Tl2In1F6,0.0457
Cs1Rb2Y1Cl6,0.0188
K2Li1Gd1Cl6,0.0245
K2Na1Nd1Br6,0.0464
Rb2Pr1Au1Cl6,0.8531
Cs2Li1Sb1I6,3.6202
K2Na1Tm1Cl6,0.0197
K2Li1Lu1Cl6,0.0212
Rb2Li1Ru1F6,0.0771
K2Li1In1Cl6,0.0403
Cs2Rb1In1F6,0.0082
Rb2Li1Ti1F6,0.0249
K1Rb2Ti1F6,0.0184
K2Sm1Au1Cl6,0.8304
Cs2Al1Tl1Cl6,0.0425
K2Li1Pr1I6,0.3785
Na2Mn1Hg1F6,0.8934
Rb2Lu1Ag1Cl6,0.031
Cs2Li1Nd1Cl6,0.026
K1Rb2Tm1Cl6,0.0181
Cs2K1Mo1Br6,0.1493
K2Fe1Au1F6,2.7655
Cs1K2Ga1F6,0.0068
Rb2Li1Bi1I6,2.5787
Cs2K1Pd1F6,0.0536
Rb2Li1Pd1F6,0.1857
Cs2K1Ho1Cl6,0.0182
Na2Li1Lu1Cl6,0.0239
K2Li1Sc1Cl6,0.0472
K2Li1Sb1F6,0.0387
K2Na1Ce1I6,0.4402
K2Na1Er1Cl6,0.0202
Cs2Na1Eu1Cl6,0.0405
Rb2Na1Pr1I6,0.2087
Cs2K1Dy1Cl6,0.0188
Rb2Eu1Au1Cl6,0.3556
K1Rb2Gd1Cl6,0.0199
K2Mn1Au1F6,1.8061
Cs2Rb1Sc1I6,1.1984
K1Rb2Ir1F6,0.0217
Cs2K1Al1Cl6,0.016
Cs2Sm1Cu1Cl6,0.3847
Rb2Na1La1Cl6,0.0182
Cs2Ce1Ag1I6,0.7996
Cs1Rb2Al1F6,0.0057
K2Mn1Tl1F6,0.6201
K2Rb1Sc1Br6,0.0801
K2Nb1Hg1F6,0.168
Cs1Sn1Cl3,3.353
Cs2Rb1Eu1Cl6,0.0391
K2Rb1Nb1F6,0.1626
Cs2Rb1Ir1F6,0.0168
Cs2Gd1Au1Cl6,0.7302
Cs2Na1Ru1F6,0.0469
K1Rb2Tb1Cl6,0.0195
Cs2Na1In1F6,0.009
Cs2Na1N1F6,0.9175
K2Na1Gd1Cl6,0.0216
Rb2Ta1Cu1Br6,1.6397
Cs1Rb2Mo1F6,0.0412
Rb2Na1Pr1Cl6,0.0231
K2Rb1In1F6,0.0074
Cs2Li1Er1Cl6,0.0227
K1Cr1F3,0.4067
K2Li1Ni1F6,0.7488
K2Rb1Mo1I6,1.3234
Rb2Nd1Ag1Cl6,0.0412
Rb2Li1Mn1F6,0.0533
K2Na1Nb1F6,0.0628
K2Li1Sm1Cl6,0.0257
Rb2Na1Sb1Br6,0.9404
Cs2Li1Y1Cl6,0.0238
Cs2Rb1In1I6,0.7003
K2Li1Eu1Cl6,0.1247
Cs2K1Tb1Cl6,0.0195
Rb2Na1Y1Br6,0.0413
Rb2Li1Dy1Cl6,0.0223
K2Li1Nd1Br6,0.0515
K2Na1La1Cl6,0.0186
K2Cu1Mo1Br6,3.0611
K2Lu1Ag1Cl6,0.0314
K1Na2Fe1F6,0.0427
Cs1Rb2Rh1F6,0.0186
Cs2Li1Lu1Cl6,0.0208
Rb2Na1In1Cl6,0.032
Na2Li1Al1F6,0.0037
K2Al1Hg1F6,0.0421
K2Rb1Co1F6,0.0264
Cs2K1Mn1F6,0.0265
K2Er1Cu1Cl6,0.2654
Na2Li1Tb1Cl6,0.0266
Rb2Li1Y1F6,0.006
Rb2Al1Au1Br6,1.3061
Cs1K2Ti1F6,0.1223
K2Li1As1F6,0.0271
Rb2Sm1Ag1Cl6,0.0379
K2Bi1Au1F6,1.7645
K1Na2Ir1F6,0.0839
Cs2Nd1Au1Cl6,0.8079
Cs1Rb2Ga1F6,0.0068
Rb2Ce1Ag1Cl6,0.2715
K2Ag1Mo1F6,0.0616
K2La1Au1Cl6,0.5016
K2Na1Pr1Br6,0.0454
Cs2K1Rh1F6,0.0199
Rb2Cu1Pd1F6,1.2893
Cs1Ca1F3,0.007
Rb2Na1Y1I6,0.1604
K2Li1Pr1Cl6,0.0265
Rb2Y1Ag1I6,0.7578
Cs2Bi1Au1F6,1.3016
Ba1Na4Cu3F12,0.5046
K2Na1Dy1Cl6,0.0212
K2Li1Fe1F6,0.1121
K2Pr1Au1Cl6,0.8929
Rb2In1Ag1F6,0.2719
Na2Li1Ru1F6,0.1003
Rb2Na1Nd1Br6,0.0429
Cs2Li1N1F6,1.1778
K1Rb2Pd1F6,0.0567
Cs2Rb1Cu1F6,0.5927
Na2Hg1Mo1F6,0.6675
Cs2Li1Y1F6,0.0078
K2Al1Hg1Br6,1.454
Cs2K1N1F6,0.6537
Cs2Rb1Pr1Cl6,0.0199
Cs2Rb1Ga1F6,0.007
Rb2Na1Ce1F6,0.1549
Cs2Sc1Tl1Cl6,0.0569
Rb2Fe1Hg1F6,2.928
Cs1Rb2Er1Cl6,0.019
Na2Li1Pd1F6,0.1806
Cs2Al1Hg1Cl6,0.9287
Na2Li1Gd1Cl6,0.0278
Rb2Nd1Cu1I6,1.338
Cs2Rb1As1Br6,0.5402
K2Rb1Cr1F6,0.0123
K2Rb1In1Br6,0.1346
Rb2Na1Sm1Cl6,0.0223
Rb2Sm1Au1Cl6,0.8068
Rb2Ag1Mo1Cl6,0.4912
Rb2Na1Pr1F6,0.0067
Cs2Gd1Ag1Cl6,0.0354
Rb2Li1Ni1F6,0.6716
Rb2Na1V1Cl6,0.3453
Rb2Li1Ga1F6,0.006
Rb2Hg1Ru1F6,1.158
Cs1K2Ga1Cl6,0.0255
K2Li1Mn1F6,0.0557
Cs2K1Yb1Cl6,0.035
K2Na1Nd1F6,0.0065
Cs1Rb2Sc1Br6,0.0704
Cs1Tm1Cl3,0.3256
Na2Ag1Rh1F6,3.8022
K2Tl1Ru1F6,0.2121
Na2Cu1Pd1F6,1.8017
Rb1Na2Al1F6,0.0057
Rb1Ag1Cl3,0.9129
Rb2La1Cu1Cl6,0.4906
Cs2Na1Dy1Cl6,0.0211
Cs2Rb1Sb1Cl6,0.1373
Cs2Eu1Au1Cl6,0.4027
Cs1Rb2Tl1F6,0.0209
K2Li1Co1F6,0.0561
Rb2Ag1Sb1I6,7.2571
Rb2Li1Rh1F6,0.0774
K2Tl1Rh1F6,0.6994
K2Na1Sb1F6,0.042
Rb2Na1Er1Cl6,0.0201
K2Rb1Sb1F6,0.0598
K2Na1Cr1Cl6,0.3206
Cs2Li1Pr1Cl6,0.0262
K2Sc1Hg1Cl6,0.7639
Cs1Rb2Lu1Cl6,0.0182
Rb2Na1Tb1Cl6,0.0208
Rb2Fe1Cu1F6,1.5304
Rb2Tm1Au1Cl6,0.7032
Rb1Eu1Cl3,0.0177
Cs2Rb1Au1F6,0.1841
Cs2Rb1Ga1Cl6,0.0244
Cs2Na1Nd1F6,0.0078
K1Rb2In1F6,0.0074
Na2Ag1Ir1F6,1.0285
Cs1Rb2Sc1Cl6,0.0305
Cs2Na1Sc1Cl6,0.037
K1Rb2Al1F6,0.0044
K2Rb1Y1F6,0.0058
Rb2Ga1Au1I6,3.7385
Cs2Rb1Nd1Cl6,0.0198
Rb2Tb1Cu1Cl6,0.2795
Cs2Na1Er1Cl6,0.0203
Na1Sc1Tl2F6,0.0304
K2Ce1Au1Cl6,0.9786
Cs2Rb1Tm1Cl6,0.018
Na2Ag1Ru1F6,0.8482
Cs2Na1Lu1Cl6,0.0197
K2Hg1Au1F6,2.2849
Rb2Li1Er1Cl6,0.0218
Cs2Pr1Au1Cl6,0.8308
Rb2Lu1Au1Cl6,0.6679
K2Li1Rh1F6,0.0961
K2Ti1Ag1F6,0.1995
K2Rb1Rh1F6,0.0176
Na2Li1Tm1Cl6,0.0241
K2Hg1Ir1F6,1.725
Na2Pr1Cu1Cl6,0.4307
K2Y1Hg1Cl6,0.5207
Rb2Na1Ta1I6,1.4922
Cs2K1Mo1F6,0.0224
K2In1Ag1I6,1.9265
K2Na1As1F6,0.0255
K2Rb1Al1Cl6,0.0162
Cs2Na1Pr1Br6,0.0439
K2Y1Hg1I6,0.906
Rb2Na1Sb1F6,0.0387
Cs1Sm1Cl3,0.2641
K2Na1Y1Br6,0.0428
K1Rb2Fe1F6,0.045
K2Rb1Ga1F6,0.0058
Rb2Mn1Cu1F6,0.2024
Rb2Sc1Ag1I6,2.3521
Cs2Li1Tm1Cl6,0.0215
Cs2Na1Y1F6,0.0071
Cs2Rb1Tb1Cl6,0.0187
Rb2Li1Yb1Cl6,0.0762
Cs2Li1Sm1Cl6,0.0251
Cs2Li1Nd1F6,0.0082
Cs2Rb1Dy1Cl6,0.0186
K2Li1Tb1Cl6,0.0236
K1Na2Co1F6,0.0333
Rb2Li1Co1F6,0.0453
K2Rb1Y1Cl6,0.0199
K2Rb1Ga1Cl6,0.0232
K2Rb1Mo1F6,0.0226
Na2Hg1Pd1F6,2.1867
Rb2Ag1Rh1F6,3.0068
Rb2Na1Y1Cl6,0.0208
Cs2Al1Tl1Br6,0.3356
Na2Cu1Mo1F6,2.3697
Rb2Na1Ce1Br6,0.0946
Rb1Ca1F3,0.0056
K2Ru1Au1F6,1.8898
Rb2Ag1Au1F6,1.0265
Rb2Na1Tb1F6,0.0058
Cs1K2Al1Cl6,0.017
Cs2Tl1Hg1I6,3.2783
Na2Eu1Cu1Cl6,0.3563
K2Dy1Au1Cl6,0.7381
K2Rb1Al1F6,0.0044
Cs1Rb2Tm1Cl6,0.0182
Na2Li1Nb1F6,0.1257
Cs2Na1Pr1F6,0.0079
Rb2Gd1Ag1Cl6,0.0365
K2Na1Ti1F6,0.0208
Na2Ag1Au1F6,1.2976
K2Rb1V1F6,0.0244
Rb2Dy1Cu1Cl6,0.2823
Cs2Rb1Fe1F6,0.0473
Cs2Ta1Au1F6,1.4843
Rb2Na1Er1F6,0.0057
Cs2Na1Ta1Cl6,0.2315
K2Gd1Cu1Cl6,0.2914
Cs1Rb2Co1F6,0.0323
Rb1Sr1Cl3,0.0161
K2Er1Au1Cl6,0.7059
Na1Mg1F3,0.0046
Cs2Y1Ag1Br6,0.0751
Cs2La1Ag1Cl6,0.0353
Rb2Al1Cu1F6,0.0891
Cs1K2Al1F6,0.0056
K2Na1Sm1Cl6,0.0228
K1Rb2Cr1F6,0.0118
K2Rb1Nd1F6,0.0065
K1Rb2Eu1Cl6,0.0369
K1Na2Al1F6,0.0052
K2Rb1Dy1Cl6,0.0194
Na2Li1Ir1F6,0.1135
Na2Cu1As1F6,4.3873
Rb2Bi1Au1F6,1.5988
Cs2Al1Cu1Cl6,0.6523
Cs1Rb2Ga1Br6,0.1663
Cs2Na1La1Br6,0.0342
Na2Li1Nd1Cl6,0.0306
Rb2Tm1Ag1Cl6,0.032
Rb2Na1Sm1F6,0.0062
Cs2K1Nd1I6,0.1219
Rb2Tl1Cu1Br6,1.7035
Cs2Rb1In1Br6,0.1457
K2Na1Mn1F6,0.0406
Cs2Li1Bi1F6,0.0211
Na2Ag1Pd1F6,4.416
Rb2Ni1Ag1F6,3.1179
Cs2Li1Ce1F6,0.1614
Cs2Rb1La1Cl6,0.015
Rb2Tb1Ag1Cl6,0.0346
K2Na1Fe1F6,0.0577
Rb2Na1Lu1Cl6,0.0195
Na2Li1Mn1F6,0.0624
Rb1Ca1Br3,0.03
Na2Li1Ga1F6,0.0058
Na1Tl2Rh1F6,0.1101
K2Na1Lu1Cl6,0.0194
K2Bi1Au1Cl6,5.3891
Li1Y1Tl2Cl6,0.0516
K2Rb1Lu1Cl6,0.0183
K2Rb1Sc1F6,0.0062
Cs2Li1Tb1Cl6,0.0233
Rb2Dy1Au1Cl6,0.7284
K1Rb2Er1Cl6,0.0189
Rb1V1F3,0.0449
Rb2Li1Tb1Cl6,0.0233
K2Na1Ir1F6,0.0493
Cs1Ca1Br3,0.0294
Na2Li1Ti1F6,0.0363
Cs2Na1Ho1Cl6,0.0207
Rb2Pd1Au1F6,3.0983
Rb2Al1Ag1F6,0.0107
K2Tm1Ag1Cl6,0.0331
Cs1Rb2Pd1F6,0.0879
Cs1Sn1Br3,4.3745
K2Na1In1F6,0.0072
Na2Sm1Cu1Cl6,0.3426
Na2Li1Bi1F6,0.0249
Na2Tl1Hg1F6,1.4797
Cs1Rb2Ti1F6,0.0866
Na2Li1Sc1F6,0.008
Rb2Y1Ag1Cl6,0.036
Cs2K1Ti1F6,0.0369
Rb2Li1Dy1Br6,0.0442
Cs2Ca1Sn1Cl6,0.0754
Cs2K1Sm1Cl6,0.0196
Na2Li1Ni1F6,0.7608
K1Rb2Sm1Cl6,0.0206
Cs2Li1Gd1Cl6,0.0244
Rb2Cu1Ru1F6,3.6871
Cs2K1Eu1Cl6,0.0359
K2Li1Er1Cl6,0.022
Cs2K1Ru1F6,0.0276
K2Li1Tl1F6,0.0209
Cs2Na1Mo1F6,0.0304
K2Li1Cu1F6,1.5387
Cs2K1Mo1I6,1.3885
K2Na1Rh1F6,0.0493
Cs2Rb1As1F6,0.0243
Cs2Na1Ta1Br6,0.2908
K2Cr1Cu1F6,1.6413
Cs2Na1Sm1Cl6,0.0221
Rb2Li1Al1F6,0.0044
Na1Ti1F3,0.2951
Rb2Y1Ag1F6,0.0212
K1Rb2Dy1Cl6,0.019
Rb2Li1Mo1Cl6,0.1079
Na2Li1Dy1Cl6,0.0263
Cs2Ga1Cu1Cl6,1.9619
Na2Ga1Hg1Br6,1.2566
Cs2K1Er1Cl6,0.0185
Rb2Li1Lu1Cl6,0.0205
Cs2Rb1Gd1Cl6,0.0192
Cs2Na1Sm1F6,0.0073
K2Er1Ag1Cl6,0.0331
Cs2Ag1As1F6,0.4499
Cs2Tl1As1I6,7.4591
K2Li1Ce1I6,0.5365
Rb2Na1Dy1Cl6,0.0205
K2Rb1Pr1F6,0.0068
K1Rb2La1Cl6,0.0155
K2Tl1Pd1F6,3.1496
Rb2Cr1Hg1F6,1.5741
Rb2Mn1Au1F6,1.7246
Na2Li1Pr1Cl6,0.0312
Rb2Ag1Ru1F6,0.3721
K1Rb2In1Cl6,0.024
K1Co1F3,0.0286
Cs2Al1Tl1F6,0.0161
Rb2Li1Ho1Cl6,0.0223
Na2Al1Au1F6,0.2422
Na2Ag1Mo1F6,0.2027
Cs2Rb1N1F6,0.7885
Na1Tl2In1F6,0.0378
Rb2Dy1Ag1Cl6,0.0339
K1Na2Ga1F6,0.0065
K2Na1Eu1Cl6,0.0414
Na2Ru1Au1F6,2.2844
Rb2In1Hg1I6,2.5754
Rb2Na1Tm1Cl6,0.0195
K2Rb1Sc1Cl6,0.0315
K2Li1Pr1Br6,0.0541
K2Li1Ti1F6,0.0267
Cs2Rb1Ce1Cl6,0.0585
Cs1Ge1Br3,5.0721
Rb2Li1Ce1Br6,0.1218
K2Ag1Rh1F6,3.3278
Na2Er1Cu1Cl6,0.2789
Li1Tl2Ga1F6,0.0379
Cs2Dy1Au1Cl6,0.7115
Cs2In1Ag1Br6,1.9678
K2Rb1Tm1Cl6,0.0186
Rb2Li1Tm1Cl6,0.0211
Na2Ga1Au1F6,0.4461
K2Na1Pr1F6,0.0066
Cs2Na1La1Cl6,0.0185
Rb2Li1Nd1F6,0.0068
K2Li1Ga1F6,0.0054
Cs1K2Al1Br6,0.0342
Cs1K2Au1F6,0.2943
Cs2Tl1Au1I6,3.1877
Na2Li1Rh1F6,0.1127
Cs2Na1Er1F6,0.007
Cs2Rb1Er1Cl6,0.0185
K2Eu1Au1Cl6,0.3638
Na2Li1Er1Cl6,0.0255
K2Y1Hg1Br6,0.7086
Cs1Ca1Cl3,0.018
K2Tl1Au1F6,2.5032
