system,band_gap
Rb2TlGaI6,1.0849
Rb2TlGaBr6,1.6518
Cs2TlGaI6,0.574
K2PrCuCl6,2.2912
Cs2TlInI6,1.4001
CsGeBr3,0.767
Cs2TlGaBr6,1.7459
Cs2TlInBr6,1.8255
K0.5Rb0.125Cs0.375GeBr3,1.907
Rb2TlAsCl6,1.9544
Cs2TlCuCl6,0
Cs2CuTlCl6,0.109
Rb2PrCuBr6,1.9411
ZnAgF3,1.5852
KZnF3,3.6954
Rb2TlAsF6,2.7163
K2AgAsCl6,1.519
Na2PrCuCl6,3.361
Rb2TlInI6,0.8542
K2TlGaI6,0.4975
K2AgAsBr6,0.8026
Cs2AsTlCl6,1.576
CsGeBr1.5Cl1.5,1.615
Rb2CuBiI6,0.3311
K2CuBiBr6,0.8862
K2CuBiI6,0.8293
K2NdCuCl6,2.4258
Rb2LiInCl6,2.4534
K2TlInBr6,2.1232
K2PrCuBr6,2.2293
Rb2PrCuCl6,2.3461
Rb2LiInF6,5.2622
Rb2GaAgBr6,0.3661
Rb2AgAsCl6,1.2952
K2CuSbCl6,0.6279
CsGeI3,0.635
Rb2TlCoF6,2.0341
Na2LiBiBr6,2.9192
Na2ScCuCl6,1.8393
Rb2TlAsBr6,1.2058
KCaI0.375Cl2.625,4.637
Cs2TlInCl6,2.816
K0.25Rb0.125Cs0.625GeI3,0.609
CsSnBr1.875Cl1.125,0.681
Rb2GaAgI6,0
Cs2TlGaCl6,2.686
K2TlAsCl6,1.905
CsSnCl2.25I0.75,1.686
K2LiBiBr6,2.9174
Rb2YAuBr6,1.6251
Cs2TlAsF6,2.9734
Rb2CuBiBr6,0.846
K2ScCuCl6,1.8772
Cs2TlCoF6,2.9239
Na2NdCuCl6,1.4176
Cs2LiInCl6,2.902
Rb2SbAuBr6,0
Cs2LiInF6,5.227
Na2AgAsCl6,1.4895
Rb2YAuCl6,2.2513
RbGeBr1.5Cl1.5,0.767
K2TlAsBr6,1.5711
Na2AgAsBr6,1.0359
Na2ScCuF6,0.1064
Rb2TlSbCl6,1.9551
Rb2AgAsBr6,1.0799
Cs2YCuBr6,2.0386
Cs2YCuCl6,2.841
CsSnBr3,0.634
K2CuSbF6,0.8543
Rb2PrCuI6,1.7961
Cs2SbAuBr6,0.2823
K2TlInCl6,2.5682
Rb2NdCuBr6,2.2883
K2ScCuF6,1.2408
Rb2YCuCl6,2.6201
CsCaCl2.625I0.375,4.474
Rb2TlFeF6,2.9912
Rb2SbAuCl6,0.3775
Na2LiBiI6,1.9141
Rb2TlInBr6,1.8665
K2ScAgCl6,3.248
Cs2RbYCl6,5.351
K2GaAgBr6,0.0236
K2PrCuI6,1.8073
Rb2TlSbF6,2.807
Rb2SbAuI6,0
Cs2RbYF6,6.1978
Rb2TlAsI6,0.9148
Rb2YAuI6,1.1678
Rb2ScTlF6,4.9059
K2LiBiI6,1.9247
Rb2PrAgF6,2.6788
K2ScAgF6,3.0351
K2RbYF6,5.6436
KCaCl3,4.745
Na2YCuF6,0
Rb2YCuBr6,2.3405
Cs2AlTlBr6,2.9426
Cs2KAuCl6,0.2103
K2GaAgI6,0
Na2LiAuCl6,0
Rb2TlInF6,3.6593
Rb2TlHgCl6,0
Cs2TlSbF6,2.5275
K2TlGaBr6,1.6
Cs2TlInF6,3.9896
CsCaCl3,5.367
K2YAuBr6,1.8862
Na2YCuCl6,1.6872
Na2LiYCl6,3.9688
CsYbF3,7.0604
Rb2ScAgCl6,3.2973
K2RbYCl6,4.4925
Na2CuSbCl6,0.9108
Cs2TlHgCl6,0.553
Cs2AlTlI6,1.5911
K2YCuF6,0.5982
K2YCuCl6,2.6002
K2AgAsF6,2.2292
CsGeCl3,1.051
CsCdCl3,1.7462
Cs2PrCuBr6,2.1974
KRb2AuCl6,0
Cs2TlGaF6,4.7634
Rb2ScTlCl6,3.4475
CsRb2GaCl6,3.3928
Rb2NaGaCl6,2.9042
K2TlAsI6,0.8611
CsK2GaF6,5.3211
Rb2TlGaF6,4.4038
Cs2ScAgCl6,3.23
Cs2SbAuI6,0
Cs2TlSbCl6,1.862
Cs2KAsI6,1.885
Cs2YCuI6,1.7212
Na2LiAuF6,0.4175
K2NdCuBr6,2.2312
Cs2InAgBr6,0.3104
Rb2NaSbBr6,2.5605
Na2ScAgCl6,3.1331
K2NaSbBr6,2.5456
Cs2KAsBr6,3.0015
K2LiAuCl6,0
K2PrAgF6,2.5361
CsK2GaCl6,3.6673
Na2InCuCl6,0
Na2CuSbF6,0.4668
K2NaSbI6,2.0979
Cs2TlRhF6,1.9056
Cs2SbAuCl6,0.4039
CsBaBr1.125Cl1.875,4.187
CsRb2GaF6,5.5393
Na2LiYBr6,3.1247
Cs2ScTlCl6,3.477
Cs2GaAgBr6,0.1101
Cs2YAuCl6,2.2263
K2TlInI6,0.8333
Cs2KGaCl6,3.498
K2SbAuBr6,0.238
K2TlCoF6,2.5182
Rb2PrAgCl6,3.6461
CsBaI0.375Cl2.625,4.067
Rb2InAgBr6,0.2571
CsSnBr0.375Cl2.625,0.905
Cs2TlHgF6,0
Rb2NdCuI6,1.8116
K2AsAuBr6,0.1518
CsCaCl1.875I1.125,3.811
RbCaCl1.875I1.125,3.524
K2NdAgF6,2.4403
K2LiAuF6,0.4499
Na2ScAgF6,1.7862
K2NdAgCl6,3.4986
K2PrAgCl6,3.4664
Cs2TaCuF6,0.4108
Rb2NaSbI6,1.8884
Rb2CuSbF6,0.9862
Rb2ScAgF6,3.2846
K2LiInCl6,2.865
K2LiInF6,5.2984
Rb2AlAuBr6,0
K2YAuI6,1.1783
Na2InCuF6,0
CsHgCl3,0
K2TlGaCl6,2.5197
Cs2TaCuCl6,0.04
Rb2NdAgCl6,3.6549
Cs2ScTlF6,5.2805
Cs2KGaF6,6.0476
Cs2AlTlCl6,3.927
K2NaGaCl6,2.9202
Cs2YAuBr6,1.863
Cs2YCuF6,1.4267
Rb2RhAuF6,0.4688
Rb2NdAgF6,2.848
K2LiYBr6,4.036
Cs2PrCuI6,1.7764
Rb2TaCuCl6,0
K2TlFeF6,2.5608
K2LiGdCl6,2.8434
K2AlTlCl6,3.8301
K2NaGaF6,5.952
K2FeHgF6,0
Rb2LiTlCl6,1.5623
Rb2AlTlBr6,2.8889
Rb2YAuF6,1.5261
Na2LiYF6,5.4375
Rb2NaGaF6,5.9026
KRb2AsBr6,3.0145
Rb2TlHgF6,0
Rb2LiTlF6,3.4666
Cs2TaAgCl6,0
K0.375Rb0.25Cs0.375SnBr3,0.583
KRb2GaF6,5.864
RbGeCl3,0.972
Na2TlCuF6,0
CsHgF3,0.7228
Cs2KAuF6,0.788
Cs2InCuCl6,0
Rb2YCuF6,0.9338
Cs2AsAuBr6,0
Rb2BiAuF6,1.3243
KSrBr3,3.71
KRb2AsI6,2.0398
Rb2TaCuF6,0
Cs2GaAgF6,2.7308
Cs2RbAsBr6,2.8942
KSrBr1.5Cl1.5,3.93
Cs2AgInCl6,1.013
CsSnI3,0.483
CsSrCl3,4.94
CsCdF3,3.2859
Rb2CuSbCl6,0.9005
Cs2SbAuF6,0.9819
Rb2YCuI6,1.8014
CsCdBr3,0.6968
Cs2YAuF6,2.0605
RbGeI3,0.58
KCaBr1.5Cl1.5,4.156
RbYbF3,6.5181
Cs2TlAsBr6,1.305
CsYbCl3,5.3324
Rb2NdCuCl6,2.4344
Cs2TaAgF6,0.2824
Rb2NaGdCl6,2.7418
CsBaI0.75Cl2.25,3.897
Na2LiBiCl6,3.5061
RbCaCl2.25I0.75,4.251
Na2AlAgCl6,2.461
RbSrBr1.5Cl1.5,4.089
KRb2TbCl6,4.6099
Rb2BiAuCl6,0.9712
K2RbGaCl6,3.5572
Rb2InAgCl6,1.293
Rb2TaAgCl6,0
Rb2AgAsF6,2.3267
K2RbGaF6,5.5929
Rb2ErAgCl6,3.7293
Rb2LiGdCl6,2.8184
Rb2ScAuBr6,1.7436
K2AsAuCl6,0.22
Cs2AgAsCl6,1.471
Rb2TlRhF6,1.9393
K2AlTlF6,4.7545
Rb2TaAgF6,0.2867
K2TlAsF6,2.726
K2InCuCl6,0.0445
KCaI3,3.258
Rb2InAgI6,0
K2TlCuF6,0
Rb2CuMoBr6,0.4005
Rb2RuAuF6,0
Rb2TlInCl6,2.3962
Cs2KAuBr6,0
Cs2KTbCl6,5.0878
K2RbScF6,5.8541
Cs2HgSbCl6,0.231
Rb2TlGaCl6,2.5867
K2RbScCl6,4.0698
K2LiScF6,6.7733
KRb2AuBr6,0
K2ScAuBr6,1.7408
Cs2CoTlCl6,1.085
Cs2LiYF6,7.2663
Rb2TmAgCl6,3.4694
Rb2NdAuCl6,2.2412
Cs2RbGaBr6,2.1605
Na2LiTlF6,3.372
Rb2NaScF6,6.9076
Cs2YTlCl6,4.3248
Cs2TlFeF6,2.9057
Rb2TlAgI6,0
Cs2AsAuI6,0
K2AlAgCl6,2.4737
Rb2GaAgCl6,1.213
Rb2AlAuI6,0
Rb2SbAuF6,0.7454
Cs2RbAsI6,2.286
Rb2ScAuCl6,2.0443
Cs2HgSbF6,0
Cs2AgSbI6,0.4387
Cs2YTlF6,4.7681
KSnBr0.375Cl2.625,0.791
Na2LaCuCl6,1.3857
K2LiScCl6,3.7414
K2NdCuI6,1.8245
K2AlAgBr6,1.4617
Cs2InCuF6,0.0917
K2ScAuI6,1.1642
K2InAgCl6,1.2922
Rb2AgBiF6,2.5561
K2ErAgCl6,3.6443
KRb2GaCl6,3.3948
Rb2HgSbCl6,0
Cs2RbGaCl6,3.66
Cs2NaMnF6,0
Cs2NaGaCl6,2.848
K2RbAsBr6,3.0965
Rb2YTlF6,4.6661
Rb2NaGaBr6,1.6024
K2NaGdCl6,3.1345
Cs2ScAgBr6,2.8546
Cs2AlAuBr6,0
Na2LiTlCl6,1.6283
K2BiAuF6,1.0663
Rb2YTlCl6,4.1524
RbCaCl0.75I2.25,3.781
Na2AlAgBr6,1.4745
RbSnBr1.875Cl1.125,0.621
Cs2NdCuI6,1.7889
Cs2NaDyCl6,5.0424
Rb2LiSbF6,4.2054
Na2TlCuCl6,0
Rb2AlTlI6,1.8326
Cs2YAuI6,1.1517
Cs2RbScCl6,4.069
CsBaBr3,3.996
Rb2HgSbF6,0
Cs2AgBiCl6,1.928
Cs2NdCuBr6,2.2431
Cs2AgSbBr6,1.1916
Rb2TlRuF6,0
K2AsAuF6,0.7657
Cs2AgBiF6,2.7645
Na2InAgCl6,1.284
K2NaScF6,6.7497
K2TlGaF6,4.1618
Na2GaAgBr6,0.0426
Cs2RhAuF6,0.6011
KCaI1.875Br1.125,3.259
Rb2AgSbBr6,1.1538
Cs2GaAgI6,0
Na2AgAsF6,1.9406
RbCdF3,3.1745
K2TlAgI6,0
Cs2AsAuCl6,0.3048
K2ScTlF6,4.6328
RbHgF3,0.6454
K2AgSbBr6,1.1248
K2BiAuCl6,0.9633
K2AgSbF6,2.0454
K2LiTbCl6,4.9973
K2NaTlF6,3.6205
K2NaBiCl6,3.7886
RbPbI3,1.459
Cs2RbScF6,6.6555
Rb2TlCuBr6,0
K0.125Rb0.25Cs0.625SnI3,0.667
Rb2FeHgF6,0.2225
Rb2NaDyCl6,5.1403
CsCaCl1.5I1.5,4.011
Rb2NaInBr6,2.0049
Na2LiGdCl6,2.9065
Rb2CuMoCl6,0.8542
Rb2ScAuI6,1.1719
CsK2AlI6,2.1419
Cs2InAgI6,0
K2NaGaBr6,1.6303
Cs2KGdCl6,3.2188
Cs2ScAgF6,3.6511
Rb2YAgCl6,3.8008
K2LiTlBr6,0.5593
K2InCuF6,0
K2AsAuI6,0
K2LaCuCl6,2.1254
Cs2NdAuCl6,2.2148
RbCaI3,3.44
K2NaScCl6,3.9133
Cs2RuAuF6,0
K2InAgF6,1.6678
Cs2PrCuCl6,2.3465
Rb2YAgBr6,3.3104
CsSrF3,6.1846
K2SbAuI6,0
Rb2LiScF6,6.7042
K2LiSbF6,4.1086
Rb2PrAuCl6,2.2207
KRb2AuF6,0.7444
CsBaCl3,4.667
Cs2YTlBr6,3.6928
Rb2ErCuCl6,2.2573
Rb2NaInCl6,3.0533
Rb2NaMoBr6,1.4757
Rb2NaScCl6,3.9108
K2LiRuF6,0
RbSrBr3,3.878
K2InAgBr6,0.2343
KGeI3,0.537
Cs2RbGaF6,5.9411
Na2FeHgF6,0
Cs2RhTlCl6,1.535
Cs2ScAuF6,1.8594
Rb2AlTlF6,5.3013
K2GaAgCl6,1.1817
Cs2BiAuCl6,0.9914
CsRb2GaBr6,2.3778
Rb2AlAuCl6,0.8409
Cs2LiYCl6,4.927
Rb0.125Cs0.875GeI3,0.625
K2LiErCl6,5.0496
Cs2RbAuCl6,0.1911
Cs2NaMoBr6,1.4443
Na2LiTbCl6,3.96
K2MnHgF6,0.3587
RbCaCl1.5I1.5,3.814
K2SbAuCl6,0.351
KRb2GdCl6,3.253
KSrCl3,4.418
K2GaAgF6,2.243
Rb2TlAgBr6,0
K0.375Rb0.375Cs0.25GeBr3,0.661
Cs2CuMoBr6,0.3989
K2CuMoBr6,0.3972
Na2GaAgCl6,1.1607
Na2InAgF6,1.0817
RbGeBr3,0.676
CsSnCl3,1.028
KRb2InCl6,3.5425
K2RbAsI6,2.3175
Rb2NaTlCl6,1.8121
KCdF3,3.1006
K2DyCuCl6,2.4629
Rb2NaAsF6,4.543
Cs2RbGaI6,0.9753
Rb2NdAgBr6,3.3063
K2AgMoBr6,0.6656
K2NaTbCl6,4.9113
Rb2NaAuCl6,0
KSnI3,0.37
Rb2YAgF6,2.8977
K2TlSbF6,2.6523
K2YAgCl6,3.6689
K2AlAuBr6,0
Na2DyCuCl6,1.6541
Rb2NaTlF6,3.6281
Cs2YAgCl6,3.851
K2LiBiCl6,3.6182
Cs2ScAuCl6,2.0233
Rb2NaBiCl6,3.7342
Rb2LiYCl6,4.9273
Cs2AsAuF6,0.8565
Cs2RbAuBr6,0.0208
Cs2NaMoCl6,1.538
K2RbInCl6,3.7137
K2NaYI6,3.1299
K2NaInCl6,3.2151
Na2InCuBr6,0
Rb2CuBiF6,0.9599
K2TlHgF6,0
K2HgAsCl6,0
CsK2AlBr6,3.2978
K2AlAgF6,3.0675
Cs2KAlBr6,3.2314
K2NaAuCl6,0
Rb2TlHgBr6,0
K2NaInBr6,2.0195
Cs2TlAgCl6,0
CsPbI3,1.482
Rb2AgBiCl6,2.06
Rb2LiSbCl6,2.9411
K2AlAuI6,0
K2CuBiCl6,1.1617
Rb2AgMoBr6,0.6687
Cs2ErAgCl6,3.5361
Rb2NaYI6,3.1384
K2AlAuCl6,0.86
Na2AgSbCl6,1.5821
Cs2TmAgCl6,3.7563
Rb2HgBiCl6,0
Rb2LiScCl6,3.7539
K2YAgF6,2.6382
Rb2AsAuCl6,0.2593
K2HgAsBr6,0
CsCaF3,6.9005
Rb2NaSbCl6,3.0525
K2NdAgBr6,3.2105
Cs2TlRuF6,0.5579
K2TmAgCl6,3.6439
K2TlSbCl6,1.9155
Cs2AlAuI6,0
Cs2PrAgF6,3.2577
K2RbAlBr6,3.3626
K2AlTlBr6,2.8488
Cs2TaCuBr6,0
Cs2NdAgBr6,3.3798
Cs2KBiI6,2.6566
Cs2KAsF6,4.6474
KRb2AlBr6,3.283
CsSrBr3,4.165
Rb2ScAuF6,1.6982
Rb2YTlBr6,3.5841
K2HgAsF6,0
Cs2KTlI6,0.5223
CsRb2AlI6,2.1328
RbSnBr1.125Cl1.875,0.707
Cs2LiInBr6,1.5789
K2ScTlCl6,3.3972
Cs2HgSbBr6,0
Rb2CuMoI6,0.1308
Cs2PrAuCl6,1.9281
CsPbBr3,1.774
Cs2BiAuF6,1.2369
Na2IrAuF6,0.3562
Rb2LiTlBr6,0.5529
K0.375Cs0.625CaI3,3.518
Rb2LiErCl6,5.2115
Rb2ScAgBr6,2.8738
K2NaBiBr6,3.1276
Cs2KMoF6,4.1117
Na2ErCuCl6,1.699
Cs2KInBr6,2.3809
Rb2NaYF6,6.4476
K2YCuBr6,2.3227
Na2LuCuCl6,1.7902
Cs2RbTlBr6,1.5133
RbCaF3,6.3971
KRb2InBr6,2.3963
K0.375Cs0.625SrI3,3.389
Rb2NaMoCl6,1.6224
CsRb2AsBr6,2.9235
Rb2HgAsI6,0
Cs2CuSbI6,0.6998
CsRb2GaI6,1.1875
Cs2NdAgI6,2.5429
Rb2NaLaCl6,4.6431
Rb2NdAgI6,2.5524
Cs2LiScF6,6.6268
K2LiMoF6,4.4161
K2TlAgBr6,0
RbCaCl1.125I1.875,3.772
Cs2RbBiI6,2.7905
K2ScAuCl6,2.0353
Na2LiRhF6,1.8438
Rb2NaMnF6,0
Cs2RbAlBr6,3.2433
K2LiBiF6,4.8822
K2LiDyCl6,5.0198
Rb2YAgI6,2.4885
Cs2KScBr6,3.1875
K0.375Rb0.375Cs0.25CaI3,3.421
KRb2AsF6,4.5539
Cs2RbYBr6,4.1715
K2InAgI6,0
K2NaSbCl6,3.1323
Rb2TlSbBr6,1.1629
Rb2NaRuF6,0
Na2AgSbF6,1.6668
K2TlAuCl6,0
K2ErCuCl6,2.4197
Rb2HgAsBr6,0
K2InCuBr6,0
Cs2AgAsF6,2.4428
Rb2NaYBr6,4.1918
Cs2NaAsF6,4.5578
K2LiTlCl6,1.5798
Cs2MnNaCl6,0.272
Cs2ScHgCl6,0
Na2TlNiF6,0.2339
K2RuAuF6,0
K2NaTlCl6,1.9894
Cs2AgMoF6,2.7943
K2YAgBr6,3.2941
CsRb2AlBr6,3.3521
Cs2NaTaBr6,0
Rb2NaTbCl6,5.1216
Cs2TlAgF6,0.8053
K2LiRhF6,1.7665
Rb2ScHgCl6,0
Cs2NaPrF6,6.6211
Cs2KBiBr6,3.4246
K2HgAsI6,0
KSnCl3,0.878
Cs2RbTlI6,0.6116
Rb2MnHgF6,0.3673
Cs2RbBiBr6,3.4129
Cs2TlAuCl6,0
Rb2LiTmCl6,5.2728
Cs2LiSbF6,4.1258
Cs2GaHgBr6,0
Cs2TlSbBr6,1.2294
Cs2ScAgI6,2.0571
K2LiSbCl6,2.9339
K2TlNiF6,0.2858
Na2AlAgF6,2.2358
KRb2InF6,5.3194
Na2LiRuF6,0
Cs2ScHgF6,0
K2TlSbBr6,1.161
K2RbAuCl6,0.1648
Cs2RbScBr6,3.2725
K2CuSbBr6,0.4007
K2NaYBr6,4.0741
K2CuMoCl6,0.7574
K2NaAsCl6,3.145
Rb2AgSbI6,0.4095
Cs2ScAuBr6,1.7173
Na2TlHgF6,0
Na2AlHgCl6,0
Cs2KLuCl6,5.2423
KGeBr3,0.618
CsSrI3,3.612
Na2RhAuF6,0.7408
Cs2TlHgBr6,0
K2LiMoCl6,1.4862
K2RbAuBr6,0
RbPbBr3,1.752
Cs2YAgF6,3.3465
Rb2GaCuF6,0.3578
Cs2CuMoI6,0.0872
K2NdAgI6,2.5576
K2NaBiF6,4.8062
K2TiHgF6,2.1789
CsK2AsBr6,2.9226
Cs2NaAsBr6,2.559
Na2LiTlBr6,0.5731
K2LuCuCl6,2.4709
Cs2KGaBr6,2.1255
Rb2TbAuCl6,2.2107
Rb2CuBiCl6,1.0756
CsK2IrF6,2.0177
K2TlRhF6,1.9609
K2CuSbI6,0.6999
K2RbAlI6,1.9161
K2GaHgBr6,0
CsGe0.5Sn0.5Br3,0.67
Rb2AsAuBr6,0
Cs2AlAgBr6,1.4697
Cs2TaAgBr6,0
Cs2KInI6,1.2626
Cs2RbAsCl6,3.648
K2CoHgF6,0
K2VHgF6,0.0039
Cs2AlHgCl6,0
RbSnBr3,0.567
Cs2HgBiCl6,0.111
Rb2GaAgF6,2.4254
K2NaYF6,6.2393
Rb2NaTmCl6,5.0572
Cs2KTlBr6,1.3749
Cs2KPrCl6,4.9929
Cs2LiNdF6,7.055
Rb2NaScI6,2.2079
Cs2NaMoF6,4.3824
Cs2NaTbF6,6.8618
K2TlAuF6,0
Na2AlHgF6,0
Rb2LiBiBr6,2.9149
K2TlCuCl6,0
Cs2AgSbCl6,1.538
Cs2KYCl6,5.336
Cs2BaCaCl6,5.407
Rb2NaYCl6,5.1042
Cs2KAlCl6,4.76
Rb2HgBiF6,0
Na2GaHgCl6,0
Rb2AsAuF6,0.8073
Cs2TlAgBr6,0
K2TlHgBr6,0
KCa0.5Ba0.5Br3,3.681
Rb2NaAuBr6,0
K2LiYCl6,4.9248
Rb2InAuF6,0.5174
Na2YCuBr6,1.6712
Cs2YAgBr6,3.335
K2InAuCl6,0
Cs2KMoCl6,1.603
Rb2InHgBr6,0
K2RhAuF6,0.7098
Rb2LiYI6,2.9884
Cs2NaNdF6,6.7399
Rb2CuSbI6,0.7008
Cs2LiAuF6,0.5298
RbGeI0.375Br2.625,0.608
Rb2NaInF6,5.2472
Rb2HgSbBr6,0
K2NaScI6,2.1954
K2NaAuF6,0.5742
K2CuBiF6,0.8218
K2LiMoBr6,1.2722
K2AgSbCl6,1.6025
K0.625Cs0.375GeCl3,0.958
K2NaPrCl6,4.7855
Na2GaHgBr6,0
Rb2NaHoF6,6.4819
Cs2CuBiF6,1.1623
K2LiPdF6,0
Cs2TlCuF6,0
Rb2AgMoF6,2.6738
Cs2KYF6,6.464
Rb2LiTaCl6,0
K2ScAgBr6,2.8359
Cs2NaGaBr6,1.6072
K2AlHgCl6,0
Rb2LiYBr6,4.042
Cs2NaInF6,5.3079
K2AlHgF6,0
Cs2LiSbCl6,2.984
Cs2ScTlBr6,3.1371
Cs2LiScCl6,3.705
Cs2AlAgCl6,2.4585
Cs2AgAsBr6,1.1161
Cs2NaGaF6,5.8467
Rb2NaNdF6,6.2143
Cs2LiPrF6,6.9993
Cs2InHgI6,0
Rb2TlAgCl6,0
Cs2CuMoCl6,0.8536
Cs2CuBiI6,0.3531
Cs2KAlI6,1.7447
CsHgBr3,0
K2RbGaBr6,2.3254
KMnF3,2.6564
Rb2NaMoF6,4.1434
RbMgF3,6.9384
Cs2RbSbCl6,3.55
Cs2RbAlI6,1.8835
Cs2KCuF6,0.8991
Cs2NaGdCl6,3.0186
K2YAgI6,2.5089
Cs2NaRuF6,0
Rb2HgAuBr6,0
Cs2AlAgF6,3.4974
Rb2TaAgBr6,0
K2IrAuF6,0.5492
Cs2HgAsCl6,0.152
Cs2MnHgF6,0.3874
Cs2NaCeBr6,3.1789
Rb2NaPrF6,6.1649
Na2LiPdF6,0
Rb2ScHgF6,0
Cs2RbScI6,2.3929
Cs2ScHgBr6,0
K2ScAgI6,2.1618
Cs2KInCl6,3.72
K2GaCuF6,0.2188
Na2CuBiBr6,0.8534
Cs2AlHgF6,0
Cs2AlAuCl6,0.8686
KRb2InI6,1.2656
K2LiNdCl6,4.8605
Rb2YHgBr6,0
Cs2KGaI6,0.8284
K2NaAsF6,4.4981
Na2LiErCl6,3.9979
Rb2LiMoCl6,1.538
K2LiYI6,2.9702
Cs2NaPrBr6,4.1252
K0.125Cs0.875BaI3,3.409
Cs2LiTlF6,3.4749
K2LiSbI6,1.7108
Cs2TlCuBr6,0
Rb2TlCrF6,4.1503
Cs2LiAuCl6,0
Rb2NaNdI6,3.1233
Cs2TlPdF6,0
Rb2LiMoF6,4.623
Cs2KScI6,2.3591
CsK2AlF6,5.6179
Rb2LiSbI6,1.7215
Cs2LiGdCl6,2.782
K2AgBiI6,0.8096
Rb2AlAgBr6,1.4709
Cs2LiErCl6,5.1941
Rb2LiNdF6,6.6083
K2RbScBr6,3.2468
Rb2DyCuCl6,2.5201
K2LiPrCl6,4.8264
Cs2PrAgCl6,3.826
K2CuAsF6,0.978
Cs2LiTaF6,0
K2LiTaCl6,0
K2TlAuBr6,0
K2TlHgI6,0
Na2GaAgI6,0
K2RbIrF6,2.2706
RbGe0.75Sn0.125Pb0.125I3,0.544
Rb2LiTbCl6,5.0624
Cs2NaRhCl6,1.256
K2RbInF6,5.1078
K2AgAuCl6,0
Cs2LiTmCl6,5.2527
Rb2LiDyCl6,5.1062
Rb2LiSmCl6,4.9187
K2CrAuF6,1.5844
KSrI1.5Br1.5,3.285
KRb2LuCl6,4.9104
Rb2GaHgBr6,0
Rb2CuSbBr6,0.4021
K2NaAuBr6,0
Cs2KNdCl6,5.1287
Cs2GaHgI6,0
Rb2LiYF6,6.8909
Rb2NaBiBr6,3.136
Cs2KNiF6,0
Rb2InCuF6,0
K2AgAuBr6,0
Rb2AsAuI6,0
Rb2AgSbCl6,1.6275
K2NaTaBr6,0
Rb2NaPrBr6,4.0373
Rb2LiBiCl6,3.6154
K2NaNdI6,3.1158
K2NaNdBr6,4.0009
Rb2NaBiF6,4.9249
K2LiTmCl6,5.0647
Cs2LiMoBr6,1.2684
RbSrCl3,4.605
Cs2KNF6,2.9855
Rb2HgAuF6,0
CsRb2IrF6,2.3735
Na2HgAsF6,0
Na2HgPdF6,0
Cs2RbAlCl6,4.786
K2AlTlI6,1.5653
Cs2KSmCl6,5.0573
K2GaAuF6,0.6779
RbSnCl3,0.919
Na2LiDyCl6,3.9746
Cs2KMoBr6,1.6085
K2LiSmCl6,4.9171
KRb2CoF6,3.0848
Cs2RbSbF6,4.0614
Cs2HgBiF6,0
Cs2InHgBr6,0
K2RbErCl6,4.5391
Rb2TlAgF6,0.5523
Cs2NaInBr6,1.8935
Rb2AlHgF6,0
Rb2TmCuCl6,2.4353
K2TbAuCl6,1.9648
Cs2KLaCl6,4.842
KSr0.375Ge0.25Sn0.25Pb0.125I3,1.445
RbMnF3,2.9437
Cs2NaScF6,6.8066
KRb2AlCl6,4.6491
Rb2IrAuF6,0.4938
Cs2LiNdCl6,4.8227
RbPdF3,0
KRb2DyCl6,4.8552
Rb2DyAuCl6,2.189
Cs2KMnF6,0
K2LiNiF6,0
Cs2HgAuBr6,0
K2LiAsF6,4.5591
CsBaI2.625Cl0.375,3.504
Cs2KLaF6,6.2199
Cs2KDyCl6,5.1988
Rb2LiAuCl6,0
Cs2RbNF6,2.9581
RbSrI3,3.332
K2TlRuF6,0
Na2TiHgF6,1.8645
NaMgF3,5.9262
Cs2DyCuCl6,2.2443
Cs2CuAuF6,0
K2PrAgBr6,3.1831
Rb2NaPrCl6,4.9807
NaVF3,0.6978
Cs2InHgCl6,0
Cs2HgAsBr6,0
K2NaErCl6,4.9656
Cs2RbSbI6,2.3768
Cs2LiBiBr6,2.9154
K2LiSbBr6,2.3188
K2TaCuBr6,0
Rb2GaHgF6,0
Na2CuAsF6,0.7308
CsGeBr0.75Cl2.25,0.93
Rb2CoHgF6,0
Rb2LiTaF6,0
CsRb2AlF6,5.8323
Cs2KCoF6,3.0136
Cs2RbLuCl6,5.0606
Cs2CuAuCl6,0
Cs2KPrBr6,4.2336
Na2GaAgF6,1.5786
Rb2AlHgCl6,0
Rb2GdAgCl6,2.128
Cs2RbTlCl6,2.424
KRb2ScCl6,4.0163
Cs2RbAuF6,0.7939
Na2LiAsF6,4.3114
K2RbMoF6,3.0563
K2InAuF6,0.3609
Cs2GaAgCl6,0.991
K2HgPdF6,0
KRb2AlI6,1.7559
K2CuMoI6,0.087
Cs2LiPrCl6,4.7971
Cs2NaLaCl6,4.6183
CsPdCl3,0
Rb2NaAsCl6,3.1484
Rb2LiTaBr6,0
Na2VHgF6,0.0016
K2LiLuCl6,5.0952
Rb2AlHgBr6,0
Cs2CuBiBr6,0.8439
K2MnTlF6,0
K2RbMoCl6,1.6332
K2AgMoCl6,1.0353
Cs2KPrF6,6.2956
Rb2AlAuF6,1.4095
CsPdF3,0
Na2AlTlF6,4.0673
K2YTlF6,4.3847
Cs2TlAgI6,0
Na2TlAsF6,2.0624
K2RbSbCl6,3.3633
Cs2LiSbI6,1.7376
CsRb2AsCl6,3.5025
Rb2TlMoF6,3.8485
Rb2AlTlCl6,3.8791
CsBaI3,3.511
Rb2InCuBr6,0
Cs2YTlI6,3.0866
Rb2TiHgF6,2.3262
Cs2AgBiBr6,1.3547
Rb2HgBiBr6,0
Cs2PrAgI6,2.5343
CsK2AsCl6,3.4978
Cs2NaRuCl6,0
Rb2InHgCl6,0
Cs2LiTaCl6,0
Rb2AgSbF6,2.168
K2NaSmCl6,4.8597
KRb2ScBr6,3.1918
Na2SmCuCl6,1.4634
K2NaDyCl6,4.9377
Cs2KSbCl6,3.543
Rb2LiPrF6,6.547
Cs2AgAuCl6,0
Cs2NaRhF6,1.9082
CsSn0.5Pb0.5I3,0.963
Rb2NaSmCl6,5.0726
Cs2NaYF6,6.8639
K2AgBiBr6,1.5765
Rb2LaAuCl6,2.301
K2AgRuF6,0
Na2CrAuF6,1.1718
Rb2AgAuF6,0
K2HgRhF6,0
K2NaLaCl6,4.6105
Na2GaCuF6,0
Rb2GaHgI6,0
CsSrI1.5Br1.5,3.701
KRb2GaI6,0.8479
K2RbAlCl6,4.487
K2TaAgI6,0
K2PrAuCl6,2.2392
Rb2LiAsF6,4.5851
RbSnBr2.625Cl0.375,0.578
Cs2InHgF6,0
KRb2AsCl6,3.4879
K2TlInF6,3.6161
Cs2HgAuF6,0
Cs2KRuF6,0
Cs2KNdBr6,4.2395
K2LiFeF6,3.9473
K2TaCuI6,0
K2NdAuCl6,2.2347
Rb2AgAuBr6,0
K2AgBiF6,2.3982
CsYbBr3,4.3382
Cs2ScCuCl6,2.064
CsRb2AuBr6,0
Cs2NaTlCl6,1.687
Rb2NaCeBr6,3.2334
Rb2AlAgF6,3.2492
Rb2InHgI6,0
Rb2TaCuBr6,0
K2NaTmCl6,4.9718
Cs2NaTmCl6,5.4487
Rb2InAgF6,1.8913
Cs2KSbF6,4.1778
Cs2RbYI6,3.3296
KGeCl3,0.903
Cs2NaTaI6,0
K2GaHgF6,0
Cs2HgAsF6,0
Rb2AgMoCl6,1.0147
K2RbGaI6,0.9854
RbCaCl3,4.948
Cs2NaCeI6,2.3813
Cs2DyAgCl6,3.8171
Rb2ScTlBr6,3.0758
K2NaTlBr6,1.0308
Cs2RbInF6,5.3728
RbFeF3,0
Rb2HgAsCl6,0
KNa2GaF6,4.9498
KPbCl3,2.175
K2YAuCl6,2.2731
Rb2TiTlF6,0
K0.75Rb0.25GeCl3,0.892
K2RbNdF6,5.2708
CsPdBr3,0
K2FeAuF6,1.0919
Cs2KYI6,3.2816
K2GaHgCl6,0
Cs2CuSbBr6,0.4006
Cs2LiSbBr6,2.3396
Rb2NaScBr6,3.1115
Cs2RbErCl6,5.067
Cs2NaHoCl6,5.2906
CsRb2AsI6,2.3568
CsCaI0.75Br2.25,4.025
K2NaRuF6,0
Cs2ErCuCl6,2.17
K2NaCrCl6,1.3875
Cs2KTlCl6,2.327
Cs2NaAuCl6,0
Na2HgRhF6,0
Cs2TiTlCl6,0.136
K2RbMoI6,1.4308
KRb2SmCl6,4.796
K2NaFeF6,4.0922
Na2LiNdCl6,4.0094
K2RbSbBr6,2.8383
RbCaBr3,4.082
K2HgBiCl6,0
K2TlCuBr6,0
CsRb2AuCl6,0.1722
Cs2KTiF6,0
K0.75Cs0.25SnI3,0.411
K2NaAlCl6,4.3079
Na2LiTmCl6,4.177
KRb2MoF6,3.6262
K2NaPrI6,3.1022
Rb2NaTaF6,0
Cs2LiMoI6,0.9856
Na2CoHgF6,0
Na2CuBiCl6,1.135
Rb0.75Cs0.25SnI3,0.445
Cs2LiNdI6,2.9743
K2PrAgI6,2.5488
K2TaAuF6,1.169
K2HgSbCl6,0
K2LiLaCl6,4.554
CsCaBr3,4.4
Cs2NaNdCl6,4.9943
Rb2TlCuF6,0
Cs2NaSbCl6,3.152
Rb2LiRhF6,1.7225
Cs2RbSbBr6,2.841
Cs2NaNdBr6,4.1254
Cs2KAlF6,6.6738
Rb2HgSbI6,0
Cs2RbGdCl6,3.2357
Na2YHgF6,0
Na2LiAlF6,6.546
RbAgCl3,0
Na2TbCuCl6,1.6434
Rb2NaTlBr6,1.0102
Cs2RbIrF6,2.5113
Rb2NbAgF6,0
Cs2InAgF6,2.1888
Cs2AgMoBr6,0.5337
K0.125Rb0.875SnBr3,0.571
CsK2MoF6,2.8022
K2NaPrF6,5.9483
Na2LiSbCl6,2.9225
Cs2KErCl6,5.2229
Cs2NaTbCl6,5.2046
Cs2HgBiBr6,0
Cs2LiYBr6,4.0508
Rb2LaAgCl6,3.573
Rb2LiNdBr6,4.001
Cs2MnTlCl6,0.1
Rb2NaVF6,0
K2RbSbI6,2.3768
K2AgRhF6,1.4182
Cs2HgMoF6,0
Na2LiScF6,6.0598
Na2GaAuF6,0.306
Cs2RbTlF6,3.7422
Cs2IrRbCl6,2.002
KCoF3,0
CsBaI1.125Cl1.875,3.603
Rb2TlVF6,0
K2NaSbF6,3.9986
Cs2NaFeF6,4.0522
KAgCl3,0
Rb2LiRuF6,0
KRb2NiF6,0
Na2LiPrCl6,3.9815
Cs2KYBr6,4.2852
Cs2TmCuCl6,2.4365
Cs2NdAgCl6,3.8207
Rb2LiBiI6,1.9334
Cs2NaTlF6,3.6228
Rb2NaCoF6,2.8821
K2NaMnF6,0
Cs2NaIrF6,2.2607
Cs2NbAgF6,0
Rb2LiNdCl6,4.8504
Cs2AgBiI6,0.8526
K2RbAsF6,3.8905
KCa0.125Sr0.25Ba0.125Ge0.5Br3,3.042
Cs2NaAlF6,6.7033
CsFeF3,0
K2LiVF6,0
Rb2HgMoF6,0
K2NaAsBr6,2.5764
KGeI1.875Br1.125,0.445
Rb2YHgCl6,0
KGeI2.25Br0.75,0.491
CsSrBr2.625Cl0.375,4.193
CsGe0.125Sn0.875Cl3,0.94
KRb2ErCl6,4.8731
Cs2LiMoCl6,1.5978
K2NbTlF6,0
K2GaAuCl6,0
Na2GaHgF6,0
Rb2NaCrCl6,1.3631
Rb2ScHgBr6,0
Cs2GaHgCl6,0
Cs2NaSbF6,4.2317
Na2CrHgF6,0
K2RbSbF6,3.5055
Cs2BiAuBr6,0.4311
Rb2NaLuCl6,5.1975
Rb2PrAgI6,2.5438
Cs2LiSmCl6,4.9508
K2NaScBr6,3.0952
Rb2LiAuF6,0.4775
KNa2CoF6,3.2242
K0.25Rb0.375Cs0.375CaCl3,4.995
Na2TmCuCl6,1.7455
Cs2LiTlCl6,1.445
Cs2RbTmCl6,5.0734
Rb0.875Cs0.125PbCl3,2.193
Cs2ScTlI6,2.4146
K2CrHgF6,0
Cs2CaSrCl6,5.446
K2RbAsCl6,3.4807
K2TlCrF6,4.0416
Cs2InCuBr6,0
Cs2KPdF6,0
KCa0.75Ba0.25Cl3,4.485
K2NaBiI6,2.1103
Rb2CoAuF6,0.9054
K2NaTaF6,0
Cs2KMoI6,1.4527
Rb2NaAsBr6,2.5701
KRb2RhF6,2.1662
Cs2KScCl6,4.024
Cs2CuBiCl6,1.1184
Cs2YAgI6,2.4594
Cs2RbLaCl6,4.4819
Na2CuAuF6,0
Cs2TaAgI6,0
Cs2NdAgF6,3.3086
Rb2NaTaCl6,0
Cs2NaPrCl6,4.9676
Rb2TbCuCl6,2.5313
K2SmCuCl6,2.3789
Na2LiInF6,4.8635
Cs2KTlF6,3.8205
KSr0.25Ge0.625Pb0.125I3,1.283
KRb2TlI6,0.4749
KRb2ScF6,6.3813
Cs2AuCoCl6,0.272
K2NaIrF6,2.3848
Rb2LuCuCl6,2.4367
Rb2LiSbBr6,2.3274
CsK2AlCl6,4.3064
Rb2GaAuF6,0.7904
Cs2RbInCl6,3.824
K2HgBiF6,0
K2NaNdCl6,4.8337
CsRb2NbF6,0
K2TlAgCl6,0
CsRb2AsF6,3.8491
Cs2TlAuF6,0
Cs2NaTlBr6,1.0093
CsRb2AlCl6,4.4662
Cs2YHgBr6,0
Cs2CrHgF6,0
Cs2CoKCl6,1.157
K2LiAlF6,7.4418
Cs2ScCuF6,1.8308
Cs2RbPdF6,0
Rb2LiLaCl6,4.5047
RbPbCl3,2.182
K2AgAuF6,0
Rb2InAuBr6,0
Cs2RbInI6,1.3972
Na2MnHgF6,0
Na2AgAuF6,0
K0.125Rb0.375Cs0.5SnCl3,0.958
Cs2AgMoCl6,0.9531
KRb2MnF6,0
K2DyAuCl6,2.1841
CsK2NbF6,0
Na2HgAsI6,0
Rb2LiNdI6,2.9632
CsRb2FeF6,4.1741
K2TmCuCl6,2.4668
Rb2AlAgCl6,2.4448
Cs2NaAuBr6,0
Cs2HgSbI6,0
KAgF3,0
Rb2AgBiI6,0.8273
CsRb2AuF6,0.6608
K2NaCrF6,4.2057
Cs2FeZnCl6,0.312
Cs2LiYI6,3.0085
K2NaLuCl6,5.0025
Cs2NaTlI6,0.0817
Na2TlCuBr6,0
K0.625Rb0.125Cs0.25PbI3,1.458
Cs2HgMnCl6,0.092
RbFeCl3,0
KRb2RuF6,0
CuAgF3,0
KPdF3,0
Na2CuAuCl6,0
RbPbI1.5Br1.5,1.526
K2TlIrF6,2.2493
Cs2CdCuCl6,0.215
Cs2CdNiCl6,0.489
Cs2SmAuCl6,2.23
Rb2ScCuCl6,1.8951
Na2TaAuF6,1.189
K2NaCoF6,2.9932
K2NaMoI6,1.0859
Rb2VHgF6,0.0036
Cs2TbAuCl6,2.181
KRb2PdF6,0
Cs2InAuBr6,0
CoAgF3,0
Rb2LiAlF6,7.248
Cs2YHgI6,0
Rb2InCuCl6,0
Cs2LiTbCl6,5.0434
Cs2MnRbCl6,0.498
BaNa4Cu3F12,0.1596
Rb2NaAlCl6,4.2244
Cs2AuTaCl6,0.539
K0.125Rb0.375Cs0.5SnI3,0.433
Cs2NbCuF6,0
CsCaI3,3.713
RbSn0.125Pb0.875Br3,1.527
CsBeF3,5.3671
Na2VAuF6,0
Rb2TlHgI6,0
Cs2NaBiF6,5.021
KRb2LaCl6,4.7565
Cs2CoRbCl6,1.22
Rb2CuAsF6,1.0685
Cs2NaYCl6,5.078
Rb2TlAuBr6,0
Rb2NaNdCl6,5.003
K2NaMoBr6,1.4723
CsK2ScF6,5.6381
Rb2SmAgCl6,3.7291
RbPdCl3,0
Na2ScHgF6,0
CsK2ScCl6,4.0703
KNa2FeF6,4.1152
K2YCuI6,1.8261
Cs2TaAuF6,1.1619
Rb2LiPdF6,0
Cs2TlBiF6,3.0939
K2TiAuF6,0
K2YHgF6,0
K2LiPrI6,2.9382
Rb2LiNiF6,0
Rb2HgPdF6,0
Cs2CdVCl6,0.192
Cs2PdTlCl6,0.125
Rb2InAuCl6,0
Rb2LiBiF6,4.9741
Cs2RbBiF6,4.7749
KRb2AlF6,6.4284
KRb2VF6,0
KRb2TiF6,0
KRb2GaBr6,2.1466
K2GdAuCl6,1.5862
KRb2ScI6,2.339
KRb2CuF6,0.8802
Cs2TlVF6,0
CsRb2TiF6,0
Cs2KInF6,5.4629
Cs2NaSmF6,6.9248
Cs2LiPrI6,2.9609
K2AlAuF6,1.3271
Rb2ScTlI6,2.3969
Na2HgAuF6,0
K2HgAuBr6,0
Na2AgRhF6,1.4496
Cs2NaAuF6,0.6262
KGeI0.375Br2.625,0.54
Na2FeAgF6,1.7821
Rb2TaAgI6,0
K2VAuF6,0
Na2LiNiF6,0
CsBa0.125Pb0.875I3,1.748
CsAgBr3,0
Cs2CoGeCl6,0.707
K2TaAgBr6,0
K2HgMoF6,0
K2AgMoI6,0.6874
Cs2NaBiCl6,3.846
Cs2LaAuCl6,2.275
Rb2CuRuF6,0
Cs2AlAuF6,1.5293
Rb2LiLuCl6,5.2953
CsRb2TlF6,3.6496
K2YHgBr6,0
CsK2TiF6,0
K2TaCuCl6,0
Cs2PdRbCl6,0.397
CsSrI0.75Br2.25,3.846
K2LaAuCl6,2.324
K2RbPrF6,5.2136
Na2NiHgF6,1.7089
Na2CuBiF6,0.4491
K2CeCuCl6,1.5332
Cs2NaScI6,2.2294
K2NaNbF6,0
Rb2YHgI6,0
Rb2NaPdF6,0
Rb2ScCuF6,1.479
K2NaPdF6,0
KRb2TlBr6,1.41
Cs2AgIrF6,1.3698
RbSr0.125Sn0.25Pb0.625I3,1.279
K2AgSbI6,0.381
Na2LiSbF6,3.6063
Rb2YTlI6,3.0376
K2RbNbF6,0
Cs2CdGeCl6,2.116
RbSrBr0.375Cl2.625,4.352
Cs2ScHgI6,0
CsK2SbF6,3.1372
Rb2CeCuBr6,1.5744
K4MgCu3F12,0
Cs2TlBiBr6,1.7359
K2RbInBr6,2.5232
RbCa0.125Sr0.25Ba0.25Sn0.25Pb0.125I3,2.602
Cs2AlTlF6,5.6085
Cs2LiPdF6,0
Cs2RbTbCl6,4.9233
Cs2CdHgCl6,0.924
KNa2TiF6,0
K2LuAgCl6,3.6296
Cs2BiAuI6,0
KCuF3,0
Rb2NaMoI6,1.0856
KCaBr3,3.908
Rb2LiGaF6,5.9815
Rb2ScHgI6,0
Rb2GaHgCl6,0
Cs2GeVCl6,0.806
Rb2NaAuF6,0.591
Rb2TlIrF6,2.2131
Rb2AgAuCl6,0
Cs2NaSbI6,1.8895
Cs2KTmCl6,5.2319
Rb2NaSmF6,6.3067
K2NbAgF6,0
Rb2NaCuF6,0.7354
Rb2DyAgCl6,3.7248
K2ScTlBr6,3.0604
Cs2NaSmCl6,5.1745
K2NbAuF6,0.1363
CsCa0.375Sr0.375Ba0.25Cl3,4.951
Cs2NaAlCl6,4.154
Cs2RbNdCl6,4.8574
Cs2TaCuI6,0
Rb2AgPdF6,0
Rb2CoAgF6,2.0093
Rb2TlBiBr6,1.6711
Rb2TlPdF6,0
Cs2CaSnCl6,3.779
Cs2AgAuF6,0
Cs2NaNF6,2.7974
Cs2NaScBr6,3.1061
KRb2TlCl6,2.416
Cs2KRhCl6,1.644
K2NaVF6,0
CsSr0.25Ba0.125Ge0.125Sn0.375Pb0.125I3,1.672
K2YAuF6,1.3878
Cs2LiNdBr6,3.9972
Cs2KAsCl6,3.598
K2HgBiBr6,0
Rb2HgBiI6,0
RbVF3,2.4491
Cs2AuRuCl6,0
RbCaBr2.625Cl0.375,4.07
KCa0.125Ge0.875I3,0.836
Cs2AlHgBr6,0
K2TaAgF6,0.3159
Rb2ErAuCl6,2.1263
K2LiYF6,6.6971
Rb2LiPrCl6,4.8241
Na2MnAgF6,0
Cs2KNiCl6,0.195
Cs2RbNbF6,0
K2TlHgCl6,0
Cs2NaInI6,0.6998
K2HgSbF6,0
CsMgF3,6.7028
Rb2AgMoI6,0.694
Cs2CoFeCl6,0.122
Cs2PtSnCl6,0.056
Cs2HgPdF6,0
Rb2LiMoBr6,1.2695
Na2InHgF6,0
K2LiNdF6,6.3791
Cs2VAgF6,0
Cs2TlAuI6,0
Cs2CuKCl6,0.831
K2FeAgF6,2.1064
Cs2NaInCl6,3.088
Cs2InAuI6,0
K2RbRhF6,2.2056
Cs2CoAgF6,1.8768
KCa0.25Sr0.125Ge0.25Pb0.375I3,1.543
K2RbCrF6,4.5029
CsRb2InF6,4.8289
KSr0.875Ba0.125Cl3,4.363
K2CeAgCl6,2.8498
KRb2NbF6,0
Cs2KRuCl6,0
Cs2LiTaI6,0
K2RbTaBr6,0
K2HgSbBr6,0
KGeBr1.5Cl1.5,0.696
Cs2TlVCl6,0.162
RbGe0.875Sn0.125I3,0.428
Cs2RbCeCl6,4.1198
Rb2TlAuCl6,0
Cs2RbCuF6,0.8744
Cs2BeSrCl6,4.942
RbNa2AlF6,4.8591
Cs2AgNiCl6,0.05
Cs2KPdCl6,0.375
K2TaAgCl6,0
KSr0.125Ba0.125Ge0.125Sn0.125Pb0.5Br3,1.576
Cs2TlAsI6,1.0046
K2NaNiF6,0
CsCa0.25Sr0.25Sn0.25Pb0.25I3,2.731
NaTiF3,0
Na2AgIrF6,1.1009
Rb2BiAuBr6,0.4108
Cs2GePtCl6,0.067
Rb2MnAgF6,0
CsBaI2.25Cl0.75,3.719
RbSnI3,0.407
Rb2TlAuI6,0
Cs2NaLaBr6,3.8471
KRb2TlF6,3.8557
Cs2LiPdCl6,0.171
Rb2GaAuBr6,0
Cs2AuTiCl6,0.186
Cs2KBiCl6,4.177
Rb2NaAlF6,6.791
Rb2MnCuF6,0
Rb2AgRuF6,0
Cs2LiBiF6,4.8946
Rb2CrHgF6,0
KNaMg2F6,6.2869
Rb2LiMoI6,0.9752
KSr0.125Ge0.875Cl3,1.361
K2RbAuF6,0.7578
CsK2InF6,4.7905
Rb0.125Cs0.875CaBr3,4.307
Rb2CrAgF6,3.0253
CsCa0.5Ge0.25Sn0.125Pb0.125Br3,3.116
Cs2GaHgF6,0
K0.625Rb0.25Cs0.125SnBr3,0.57
Cs2HgNiCl6,0.688
Rb2MnTlF6,0
K2RbRuF6,0
RbCa0.375Ge0.125Pb0.5Br3,2.208
Cs2KRhF6,2.1013
Cs2KVF6,0
CsBa0.25Pb0.75I3,1.967
K2ScHgI6,0
Rb2VAuF6,0
Na2LiGaF6,5.7453
K2AgMoF6,2.5573
KMgF3,6.9537
Rb2TaHgF6,0
K2NaTaI6,0
Cs2ErAuCl6,2.0871
Cs2GaCuCl6,0
K2HgAuF6,0
Cs2HgBiI6,0
K2LiTaI6,0
KRb2TmCl6,4.8715
KCuCl3,0
K0.25Rb0.375Cs0.375SnI3,0.423
Cs2CrSrCl6,0.384
Cs2NaBiBr6,3.1775
CsRb2VF6,0
K2InHgF6,0
K2RbPdF6,0
CsRb2ScBr6,3.3122
Rb2NaTiF6,0
K2RbTaCl6,0
Cs2GeSrCl6,3.997
Cs2CuAsCl6,0.8647
Cs2CoHgF6,0
KNiF3,0
Cs2RbRuF6,0
Rb2MnAuF6,0
Cs2NaScCl6,3.83
Cs2LiBiCl6,3.652
K2TlAgF6,0.4485
Rb2NaTbF6,6.4622
RbCa0.25Sr0.125Ge0.125Sn0.25Pb0.25Cl3,2.436
CsPbBr2.625Cl0.375,1.78
Cs2CaHgCl6,2.706
Na2LiMnF6,0
Cs2AuPdCl6,0.042
Cs2CoHgCl6,0.315
K2HgIrF6,0
Cs2KCrCl6,1.816
K2SmAgCl6,3.5685
Cs2HgSnCl6,0.849
K2TlMoF6,3.7506
Na2AlCuF6,0.2373
CsSr0.25Ba0.75I3,3.476
CsBa0.75Pb0.25I3,3.368
K0.25Rb0.25Cs0.5CaCl3,5.033
CsRb2YF6,5.4863
Cs2CeAgBr6,2.6247
Rb2LuAuCl6,2.0926
Cs2TlHgI6,0
K2NaPrBr6,3.9823
Cs2GaAuI6,0
Cs2KTaF6,0
Rb2NaBiI6,2.1072
Cs2NaNbCl6,0
Cs2KScF6,6.8201
Rb2NaErCl6,5.1645
K0.5Cs0.5PbI3,1.466
Rb2NbTlF6,0
K2NaMoF6,3.9023
Cs2NbTlF6,0
Cs2KTaI6,0
CsCa0.125Ba0.125Ge0.25Sn0.5Br3,1.502
CsSr0.125Ba0.875Br3,3.976
CsSnI2.25Br0.75,0.463
Rb2FeAuF6,1.1878
Cs2LiNbCl6,0
K2RbTmCl6,4.5162
K2GaAuBr6,0
Rb2NaTaI6,0
KNa2AlF6,5.1973
Rb2TbAgCl6,3.7266
Cs2LiMoF6,4.8178
Cs2LaCuCl6,2.1808
KBa0.25Ge0.625Sn0.125Cl3,1.711
RbPbI0.75Br2.25,1.588
CsSnI1.875Br1.125,0.547
K2AlCuF6,1.1155
Rb2TaAuF6,1.164
Cs2LiNbF6,0
K2RbMoBr6,1.6014
KPbBr3,1.742
K0.25Rb0.375Cs0.375PbI3,1.462
Rb2AgRhF6,1.3905
K2NbHgF6,0
RbPbI2.625Br0.375,1.449
CsRb2MoF6,3.0636
KHgF3,0.6082
Rb2NaCeCl6,3.9696
Cs2LiNF6,2.467
K2RbLuCl6,4.5442
RbGe0.875Pb0.125Cl3,1.092
Cs2TaTlF6,0
Rb2VCuF6,0
K2RbAlF6,5.9464
Na2TiAuF6,0
Rb2LiIrF6,2.024
KNa2IrF6,1.4972
Rb2NaSbF6,4.1249
Na2LiVF6,0
Cs2IrTlCl6,1.723
Cs2KSbI6,2.441
Rb2LaCuCl6,2.1713
Rb2AgBiBr6,1.582
Cs2GaAuF6,0.9632
KCa0.125Sr0.25Ge0.25Sn0.125Pb0.25I3,1.552
RbSr0.25Ba0.25Ge0.25Pb0.25Br3,3.3
Cs2NaTaCl6,0
Cs2NiSrCl6,0.765
Rb2InHgF6,0
K2AgPdF6,0
Cs2MoTlCl6,1.629
RbPbF3,3.0445
Cs2TaHgF6,0
Rb2InAuI6,0
Cs2NiTlCl6,0
K2LiNbF6,0
Rb2GaAuCl6,0
Rb2GaAuI6,0
Cs2RbBiCl6,4.1316
CsRb2TmCl6,4.4646
CsK2RuF6,1.66
Cs2TbCuCl6,2.5342
K2NaCuF6,0.7248
CsK2SbCl6,3.1654
CsSnI2.625Br0.375,0.468
Cs2AgTiCl6,0
K2NaMoCl6,1.5542
CsK2AuF6,0.6962
Cs2IrNaCl6,1.466
Cs2NaLuCl6,5.494
Cs2BiPdCl6,0
Na2NbAgF6,0
Rb2TiAuF6,0.029
Cs2PdPtCl6,0
K2VAgF6,0
K2CeAgBr6,2.5986
Na2CrAgF6,2.3255
Rb2HgAsF6,0
K2LiTaBr6,0
K2NaNdF6,5.9905
NiAgF3,0
KNa2RuF6,0
K2TbCuCl6,2.4713
Cs2CaMgCl6,5.396
CsBa0.875Sn0.125Cl3,3.584
KRb2BiF6,4.7967
Cs2KHoCl6,5.2294
Rb2CuAuCl6,0
Cs2GdAuCl6,1.5419
RbSnI1.5Br1.5,0.456
Rb2CuAuF6,0
Rb2SmCuCl6,2.5695
K2TiTlF6,0
K2CrCuF6,0.6826
K2NaTiF6,0
Cs2PbVCl6,0.974
K2ScHgF6,0
K2NaInI6,0.6835
CsCaCl0.375I2.625,3.645
RbCuBr3,0
Cs2BaSnCl6,3.753
Cs2TlMoF6,3.8865
Cs2VZnCl6,0.197
KRb2IrF6,2.5351
Cs2AgAuBr6,0
Rb2NaNdBr6,4.0334
Na2LiSmCl6,4.0551
Na2LiScCl6,3.7427
K2LiCuF6,0.9248
K0.375Rb0.625SrBr3,3.801
Cs2CaGeCl6,3.943
RbCa0.375Ba0.25Ge0.375Cl3,3.53
Cs2LuAgCl6,3.7052
Cs2LiLaCl6,4.4927
Rb2ScAgI6,2.1449
KCaF3,6.1392
KCa0.375Sr0.125Ba0.125Ge0.125Sn0.125Pb0.125Cl3,3.345
Cs2KTaBr6,0
Cs2RbVCl6,0.217
Rb2NaCrF6,4.1608
Cs2PdSrCl6,1.952
Na2AlHgBr6,0
Cs2TlCrF6,4.1533
Rb2NbAuF6,0.1361
Cs2CdCrCl6,0.256
K2CuAuCl6,0
Cs2CdCoCl6,0.576
Cs2SnSrCl6,3.822
Cs2IrKCl6,1.904
KCaBr1.875Cl1.125,4.016
K2InHgI6,0
Rb2TlSbI6,0.9303
Cs2HgRhCl6,0.062
KNa2RhF6,2.23
CsRb2CoF6,3.2035
K2LiNdI6,2.9488
Rb2NaNiF6,0
K2LuAuCl6,2.0732
K2RbCoF6,3.2015
Na2LiCrF6,4.323
Cs2KNdI6,3.2412
Na2YAgF6,1.659
Cs2MnNiCl6,0
CsK2TaF6,0
Na2AgMoF6,1.7775
K2RbMnF6,0
Rb2TaCuI6,0
Rb2NbCuF6,0
RbCa0.25Ge0.25Sn0.375Pb0.125Br3,1.539
Cs2RbInBr6,2.5058
Na2HgAsBr6,0
Cs2NaCeF6,6.3611
Cs2AgPdCl6,0
Cs2NaVCl6,0.157
Cs2TlBiCl6,2.2573
K2TbAgCl6,3.6214
Na2CuPdF6,0
Rb2HgRuF6,0
K2YHgCl6,0
Rb2TlBiF6,3.3382
Cs2ScAuI6,1.0839
CsRb2YCl6,4.4227
Rb2LiCeI6,2.1287
Na2HgMoF6,0
CsPbI0.375Br2.625,1.688
Cs2NbAuF6,0.1377
Na2TaAgF6,0.2407
K2AgBiCl6,2.0583
CsCa0.25Ba0.125Ge0.25Pb0.375Cl3,2.387
KRb2CrF6,4.339
K0.5Rb0.25Cs0.25SrI3,3.272
K2DyAgCl6,3.6341
K0.25Rb0.375Cs0.375SnCl3,0.94
Cs2SmAgCl6,3.8478
CsGe0.125Pb0.875Cl3,2.015
Rb2LiMnF6,0
Cs2RbPrCl6,4.8296
Cs2HgRuCl6,0
Na2VAgF6,0
KGeBr0.375Cl2.625,0.791
CsPbCl3,2.211
Cs2CaTiCl6,0.224
Cs2MgVCl6,0.859
K2NaTaCl6,0
CsSr0.25Ge0.75Cl3,1.864
Cs2CrPtCl6,0.526
KGeBr2.25Cl0.75,0.617
RbCa0.875Sr0.125Cl3,4.874
K2ScHgBr6,0
K2TiCuF6,0
Na2LiTiF6,0
CsBa0.375Pb0.625I3,2.282
Rb2HgRhF6,0
Cs2NaMoI6,1.0847
Cs2SrTiCl6,0.234
K2NaInF6,5.2445
Rb2NaInI6,0.6818
Cs2NaYI6,3.1517
Rb2TmAuCl6,2.1063
K0.625Rb0.125Cs0.25GeCl3,0.938
Rb2NaTlI6,0
CsRb2PdF6,0
Cs2NaPrI6,3.1147
Cs2BKCl6,4.396
Cs2NaBiI6,2.1074
Rb2MoAuF6,1.5341
CsK2VF6,0
Na2AsAuF6,0.6327
Cs2AgVCl6,0.23
Na2LiInCl6,2.9328
Rb2NaVCl6,0
Rb2TlAuF6,0
Cs2BRbCl6,4.724
Cs2PdSnCl6,0.147
Rb2TlNiF6,0
K0.75Rb0.25SrBr3,3.744
K0.625Rb0.25Cs0.125GeCl3,0.919
RbSr0.25Ba0.25Sn0.125Pb0.375Br3,3.149
KCa0.5Ba0.125Ge0.375Cl3,3.805
CsSr0.25Ba0.25Ge0.25Sn0.125Pb0.125I3,2.613
K2LiCrF6,4.1644
K2ScHgCl6,0
Cs2CuSbCl6,0.898
K2LiTiF6,0
Rb2LiVCl6,0
K0.75Rb0.125Cs0.125SrBr3,3.771
KNa2NbF6,0
Rb2CuNiF6,0
KSnBr1.125Cl1.875,0.668
K2LiIrF6,2.0832
K2MnAuF6,0
K2NiAuF6,0
Na2LiNF6,2.4767
Cs2AuFeCl6,0.911
CsRb2LuCl6,4.4735
Cs2CuPtCl6,0
K2RbTaF6,0
K2TaTlF6,0
Cs2NbRbCl6,0.074
Cs2CoCrCl6,0.143
Cs2GePbCl6,1.617
Rb2HgIrF6,0
Cs2NaSbBr6,2.556
Cs2KTiCl6,0.043
Rb2LiNbF6,0
Cs2RbRhCl6,1.728
KPbBr0.75Cl2.25,1.966
Cs2MgSrCl6,5.268
K0.125Rb0.25Cs0.625PbCl3,2.2
Cs2LiDyCl6,5.0917
Cs2CoMnCl6,0.554
Cs2AuNiCl6,0.121
Rb2NaFeF6,4.1186
Cs2NaNiF6,0
Rb2NaErF6,6.4981
Rb2LiTaI6,0
CsRb2SbCl6,3.3826
K2HgBiI6,0
Cs2NiPtCl6,0.509
Cs2RbSmCl6,4.8937
K2TlPdF6,0
KCa0.875Ba0.125I3,3.201
K2YHgI6,0
K2SbAuF6,0.6938
RbCa0.125Ba0.625Ge0.125Sn0.125Cl3,3.14
Cs2BaTiCl6,0.257
Cs2KMnCl6,0.396
Cs2KAgF6,0.6371
K2LiGaF6,6.1271
Cs2KBiF6,4.9469
CsSrI2.25Br0.75,3.603
KNa2AsF6,3.0404
Cs2RbTaF6,0
K2LiPrBr6,3.9531
K2RbDyCl6,4.5105
Cs2YHgF6,0
K2LiTlF6,3.5058
KNa2TaF6,0
Rb2NaIrF6,2.3345
RbCa0.125Sr0.25Sn0.125Pb0.5I3,1.683
K2NiHgF6,1.9584
Cs2HgIrF6,0
K2RbTaI6,0
Na2AgRuF6,0
K2RbVF6,0
CsRb2TaF6,0
Cs2HgNbCl6,0
K2TaHgF6,0
Cs2BaHgCl6,2.978
Rb2NaRhF6,1.957
Rb2PrAgBr6,3.2758
Cs2CdFeCl6,0
RbAgF3,0
K0.125Rb0.5Cs0.375CaCl3,5.021
Rb2NaTaBr6,0
Cs2LiBiI6,1.9323
Cs2AuVCl6,0.194
Rb2CuPdF6,0
Cs2YHgCl6,0
Cs2HgPbCl6,1.668
Cs2PdYCl6,0.532
Rb2YHgF6,0
Cs2LiPrBr6,3.9721
K0.375Rb0.375Cs0.25PbBr3,1.76
Cs2BaCrCl6,0.507
Na2RuAuF6,0
CsPbF3,2.9083
CsK2PdF6,0
KNa2MoF6,2.0919
Rb0.625Cs0.375CaCl3,5.057
RbSrI2.625Br0.375,3.268
K2NaYCl6,4.9526
Cs2PtVCl6,0.424
Cs2RbTiCl6,0.09
Rb2PdAuF6,0
KCrF3,0
Cs2MnSnCl6,1.349
Rb2LiTiF6,0
CsBa0.125Ge0.875I3,1.035
Cs2AgCuCl6,0.305
Cs2RbAsF6,4.5627
Cs2KFeF6,4.0956
Na2LiNbF6,0
Cs2NbKCl6,0
Na2TlAgF6,0.1307
Rb2TlCuCl6,0
K0.125Rb0.875SrBr3,3.856
Cs2NiRbCl6,0.242
RbCa0.125Sr0.875I3,3.305
K2LiNdBr6,3.973
CsBa0.625Pb0.375I3,3.136
KSn0.875Pb0.125Br3,0.672
Rb2LiVF6,0
K2TlVF6,0
Na2LiIrF6,2.1677
K2ErAuCl6,2.1632
Rb2NiAuF6,0
Cs2CrHgCl6,0
K2InHgBr6,0
K2HgSbI6,0
K2AlHgBr6,0
CsBa0.5Pb0.5I3,2.294
CsPbI0.75Br2.25,1.619
K2MoAuF6,1.4368
KCa0.25Sr0.25Ba0.125Ge0.125Pb0.25Br3,3.313
Na2AlAuF6,0.9051
Cs2GaAuBr6,0
Rb2AlCuF6,1.2713
Cs2NaYBr6,4.2176
RbCaBr0.375Cl2.625,4.646
Na2TaHgF6,0
Cs2GaAuCl6,0
KRb2FeF6,4.14
CsCaBr0.75Cl2.25,4.927
RbCa0.5Sr0.25Ge0.125Sn0.125Cl3,3.738
CsBa0.875Pb0.125I3,3.359
Cs2NaPdCl6,0.057
Rb2AgIrF6,1.4737
Cs2HgTiCl6,1.263
Rb2BiAuI6,0
Na2MnAuF6,0
Cs2HgSrCl6,2.867
Cs2SnVCl6,0.917
K2NaRhF6,2.0001
Rb2LiPrI6,2.9512
Cs2FeMnCl6,0.354
Cs2RbFeF6,4.1178
Rb2CrAuF6,1.6646
K0.375Rb0.125Cs0.5CaCl3,5.002
Cs2AgSbF6,2.3185
Cs2LiLuCl6,5.3872
Cs2LiTlBr6,0.5505
CsRb2ErCl6,4.448
Cs2KSbBr6,2.8501
CsRb2InCl6,3.5527
K2LaAgCl6,3.4632
CsCa0.25Sr0.5Ge0.125Pb0.125Br3,3.59
Na2LiLuCl6,4.1938
Cs2TbAgCl6,3.8151
Cs2NaErCl6,5.3424
Cs2CaPdCl6,1.364
K2NaTlI6,0.0749
Cs2KCeCl6,4.0361
K2SmAuCl6,2.2805
K2LiMnF6,0
Na2LiBiF6,4.3529
Na2CoAgF6,1.4033
K2RbTlF6,3.7342
Cs2SmCuCl6,2.57
K2GaAuI6,0
CsK2AsF6,3.5457
Rb2TaTlF6,0
Na2AgPdF6,0
K2TiAgF6,0
Cs2GeMnCl6,1.477
KSr0.125Ba0.375Ge0.125Sn0.125Pb0.25Br3,2.93
CsRb2ScCl6,4.083
Cs2NaTiCl6,0.059
Na2CuMoF6,0.275
Na2MoAuF6,0.9192
RbSr0.875Ge0.125Cl3,3.963
Cs2NaCrCl6,1.538
Cs2InAuF6,0.6895
Cs2FePtCl6,0.513
Cs2InAuCl6,0
Na2TiAgF6,0
Rb2NaPrI6,3.112
K0.75Cs0.25SrCl3,4.531
KSrBr2.25Cl0.75,3.783
Rb2NbHgF6,0
K2NaAlF6,6.858
K2MnAgF6,0
Cs2CdTiCl6,0.075
K2LiMoI6,0.974
Cs2NaAsCl6,3.204
K2CrAgF6,2.8775
Cs2AlCuCl6,0.8612
K2RbTiF6,0
KSr0.125Ba0.125Ge0.25Sn0.25Pb0.25Cl3,1.958
K2InAuI6,0
K0.25Rb0.75SrBr3,3.821
CsCa0.125Sr0.125Ba0.25Ge0.375Pb0.125Br3,3.054
Rb2LiPrBr6,3.9853
K2CeAuCl6,2.2375
RbSr0.5Ge0.125Sn0.25Pb0.125I3,2.737
Rb2SmAuCl6,2.2894
Cs2LiLaBr6,3.7835
KSnBr3,0.528
Rb2VAgF6,0
Cs2CeAgCl6,2.9041
Rb2LuAgCl6,3.681
K2GaHgI6,0
Rb2FeCuF6,0.5338
Cs2KPrI6,3.2328
Cs2AuCrCl6,1.305
KVF3,2.0759
K2InHgCl6,0
CsCa0.125Ba0.75Sn0.125I3,2.903
KFeF3,0
RbCa0.875Sn0.125Br3,3.42
RbCa0.125Sr0.5Pb0.375Br3,3.803
Cs2TlAuBr6,0
KCa0.875Ge0.125I3,3.063
Na2CoAuF6,0.9908
Cs2RbDyCl6,5.0592
K0.5Rb0.25Cs0.25SrBr3,3.835
KPbBr1.125Cl1.875,1.885
K2InAuBr6,0
Na2HgSbF6,0
Cs2TlBiI6,1.3773
CsCa0.875Pb0.125Br3,4.253
Cs2AuHgCl6,0
Cs2NaErF6,6.8647
CsSr0.25Ba0.625Sn0.125Br3,3.349
KNa2MnF6,0
Cs2CuHgCl6,0.306
RbCuF3,0
K2AgIrF6,1.5152
Cs2KTaCl6,0
Na2HgAsCl6,0
Cs2TlSbI6,0.9367
Rb2NiAgF6,0
Cs2HgAsI6,0
Rb2TiAgF6,0
CsCa0.125Sr0.125Ge0.375Sn0.25Pb0.125Cl3,1.951
Cs2HgVCl6,0.078
CsRb2InBr6,2.6764
K2TmAuCl6,2.1163
Cs2CeCuCl6,1.6741
CsSr0.125Ba0.625Ge0.125Sn0.125Cl3,3.384
KNa2CrF6,3.7636
K0.75Rb0.125Cs0.125PbCl3,2.182
Na2LiLaCl6,3.9591
Cs2KVCl6,0.134
Rb2NaNbF6,0
Cs2LaAgCl6,3.6099
RbNa2AsF6,2.6812
CsRb2ScF6,5.8718
Cs2KCrF6,4.287
Cs2BaBeCl6,4.77
K2CuAuF6,0
Cs2BaGeCl6,3.959
Cs2BaMgCl6,5.16
K2ScAuF6,1.5837
Cs2LiTaBr6,0
CsRb2RhF6,2.2145
Rb2LiDyBr6,4.1439
CsSr0.125Sn0.875I3,0.795
Cs2MoRbCl6,1.655
Cs2DyAuCl6,2.1667
Rb2LiHoCl6,5.1901
CsRb2SbF6,3.3907
